"AGEGROUP","SEX","DISTRICT","POPULATION","REGION","PROVINCE","CD_DSTR_REFNIS"
"0-9","F","Aalst",14949,"Flanders","Oost-Vlaanderen",41000
"10-19","F","Aalst",15631,"Flanders","Oost-Vlaanderen",41000
"20-29","F","Aalst",15948,"Flanders","Oost-Vlaanderen",41000
"30-39","F","Aalst",18415,"Flanders","Oost-Vlaanderen",41000
"40-49","F","Aalst",19574,"Flanders","Oost-Vlaanderen",41000
"50-59","F","Aalst",21536,"Flanders","Oost-Vlaanderen",41000
"60-69","F","Aalst",18071,"Flanders","Oost-Vlaanderen",41000
"70-79","F","Aalst",13282,"Flanders","Oost-Vlaanderen",41000
"80-89","F","Aalst",9654,"Flanders","Oost-Vlaanderen",41000
"90+","F","Aalst",2263,"Flanders","Oost-Vlaanderen",41000
"All","F","Aalst",149323,"Flanders","Oost-Vlaanderen",41000
"0-9","M","Aalst",15805,"Flanders","Oost-Vlaanderen",41000
"10-19","M","Aalst",16423,"Flanders","Oost-Vlaanderen",41000
"20-29","M","Aalst",16096,"Flanders","Oost-Vlaanderen",41000
"30-39","M","Aalst",17806,"Flanders","Oost-Vlaanderen",41000
"40-49","M","Aalst",20065,"Flanders","Oost-Vlaanderen",41000
"50-59","M","Aalst",21903,"Flanders","Oost-Vlaanderen",41000
"60-69","M","Aalst",18001,"Flanders","Oost-Vlaanderen",41000
"70-79","M","Aalst",11517,"Flanders","Oost-Vlaanderen",41000
"80-89","M","Aalst",5887,"Flanders","Oost-Vlaanderen",41000
"90+","M","Aalst",824,"Flanders","Oost-Vlaanderen",41000
"All","M","Aalst",144327,"Flanders","Oost-Vlaanderen",41000
"0-9","All","Aalst",30754,"Flanders","Oost-Vlaanderen",41000
"10-19","All","Aalst",32054,"Flanders","Oost-Vlaanderen",41000
"20-29","All","Aalst",32044,"Flanders","Oost-Vlaanderen",41000
"30-39","All","Aalst",36221,"Flanders","Oost-Vlaanderen",41000
"40-49","All","Aalst",39639,"Flanders","Oost-Vlaanderen",41000
"50-59","All","Aalst",43439,"Flanders","Oost-Vlaanderen",41000
"60-69","All","Aalst",36072,"Flanders","Oost-Vlaanderen",41000
"70-79","All","Aalst",24799,"Flanders","Oost-Vlaanderen",41000
"80-89","All","Aalst",15541,"Flanders","Oost-Vlaanderen",41000
"90+","All","Aalst",3087,"Flanders","Oost-Vlaanderen",41000
"All","All","Aalst",293650,"Flanders","Oost-Vlaanderen",41000
"0-9","F","Antwerpen",61388,"Flanders","Antwerpen",11000
"10-19","F","Antwerpen",57794,"Flanders","Antwerpen",11000
"20-29","F","Antwerpen",66090,"Flanders","Antwerpen",11000
"30-39","F","Antwerpen",71104,"Flanders","Antwerpen",11000
"40-49","F","Antwerpen",65173,"Flanders","Antwerpen",11000
"50-59","F","Antwerpen",68955,"Flanders","Antwerpen",11000
"60-69","F","Antwerpen",60008,"Flanders","Antwerpen",11000
"70-79","F","Antwerpen",44810,"Flanders","Antwerpen",11000
"80-89","F","Antwerpen",30291,"Flanders","Antwerpen",11000
"90+","F","Antwerpen",7803,"Flanders","Antwerpen",11000
"All","F","Antwerpen",533416,"Flanders","Antwerpen",11000
"0-9","M","Antwerpen",64207,"Flanders","Antwerpen",11000
"10-19","M","Antwerpen",60666,"Flanders","Antwerpen",11000
"20-29","M","Antwerpen",67029,"Flanders","Antwerpen",11000
"30-39","M","Antwerpen",71690,"Flanders","Antwerpen",11000
"40-49","M","Antwerpen",67707,"Flanders","Antwerpen",11000
"50-59","M","Antwerpen",71356,"Flanders","Antwerpen",11000
"60-69","M","Antwerpen",58446,"Flanders","Antwerpen",11000
"70-79","M","Antwerpen",38923,"Flanders","Antwerpen",11000
"80-89","M","Antwerpen",20872,"Flanders","Antwerpen",11000
"90+","M","Antwerpen",3424,"Flanders","Antwerpen",11000
"All","M","Antwerpen",524320,"Flanders","Antwerpen",11000
"0-9","All","Antwerpen",125595,"Flanders","Antwerpen",11000
"10-19","All","Antwerpen",118460,"Flanders","Antwerpen",11000
"20-29","All","Antwerpen",133119,"Flanders","Antwerpen",11000
"30-39","All","Antwerpen",142794,"Flanders","Antwerpen",11000
"40-49","All","Antwerpen",132880,"Flanders","Antwerpen",11000
"50-59","All","Antwerpen",140311,"Flanders","Antwerpen",11000
"60-69","All","Antwerpen",118454,"Flanders","Antwerpen",11000
"70-79","All","Antwerpen",83733,"Flanders","Antwerpen",11000
"80-89","All","Antwerpen",51163,"Flanders","Antwerpen",11000
"90+","All","Antwerpen",11227,"Flanders","Antwerpen",11000
"All","All","Antwerpen",1057736,"Flanders","Antwerpen",11000
"0-9","F","Arlon",3540,"Wallonia","Luxembourg",81000
"10-19","F","Arlon",3847,"Wallonia","Luxembourg",81000
"20-29","F","Arlon",3965,"Wallonia","Luxembourg",81000
"30-39","F","Arlon",4227,"Wallonia","Luxembourg",81000
"40-49","F","Arlon",4432,"Wallonia","Luxembourg",81000
"50-59","F","Arlon",4242,"Wallonia","Luxembourg",81000
"60-69","F","Arlon",3119,"Wallonia","Luxembourg",81000
"70-79","F","Arlon",2254,"Wallonia","Luxembourg",81000
"80-89","F","Arlon",1547,"Wallonia","Luxembourg",81000
"90+","F","Arlon",434,"Wallonia","Luxembourg",81000
"All","F","Arlon",31607,"Wallonia","Luxembourg",81000
"0-9","M","Arlon",3614,"Wallonia","Luxembourg",81000
"10-19","M","Arlon",4073,"Wallonia","Luxembourg",81000
"20-29","M","Arlon",4345,"Wallonia","Luxembourg",81000
"30-39","M","Arlon",4430,"Wallonia","Luxembourg",81000
"40-49","M","Arlon",4777,"Wallonia","Luxembourg",81000
"50-59","M","Arlon",4268,"Wallonia","Luxembourg",81000
"60-69","M","Arlon",2974,"Wallonia","Luxembourg",81000
"70-79","M","Arlon",1820,"Wallonia","Luxembourg",81000
"80-89","M","Arlon",941,"Wallonia","Luxembourg",81000
"90+","M","Arlon",147,"Wallonia","Luxembourg",81000
"All","M","Arlon",31389,"Wallonia","Luxembourg",81000
"0-9","All","Arlon",7154,"Wallonia","Luxembourg",81000
"10-19","All","Arlon",7920,"Wallonia","Luxembourg",81000
"20-29","All","Arlon",8310,"Wallonia","Luxembourg",81000
"30-39","All","Arlon",8657,"Wallonia","Luxembourg",81000
"40-49","All","Arlon",9209,"Wallonia","Luxembourg",81000
"50-59","All","Arlon",8510,"Wallonia","Luxembourg",81000
"60-69","All","Arlon",6093,"Wallonia","Luxembourg",81000
"70-79","All","Arlon",4074,"Wallonia","Luxembourg",81000
"80-89","All","Arlon",2488,"Wallonia","Luxembourg",81000
"90+","All","Arlon",581,"Wallonia","Luxembourg",81000
"All","All","Arlon",62996,"Wallonia","Luxembourg",81000
"0-9","F","Ath",6545,"Wallonia","Hainaut",51000
"10-19","F","Ath",7706,"Wallonia","Hainaut",51000
"20-29","F","Ath",7354,"Wallonia","Hainaut",51000
"30-39","F","Ath",7699,"Wallonia","Hainaut",51000
"40-49","F","Ath",8953,"Wallonia","Hainaut",51000
"50-59","F","Ath",9185,"Wallonia","Hainaut",51000
"60-69","F","Ath",7994,"Wallonia","Hainaut",51000
"70-79","F","Ath",5694,"Wallonia","Hainaut",51000
"80-89","F","Ath",3479,"Wallonia","Hainaut",51000
"90+","F","Ath",945,"Wallonia","Hainaut",51000
"All","F","Ath",65554,"Wallonia","Hainaut",51000
"0-9","M","Ath",6840,"Wallonia","Hainaut",51000
"10-19","M","Ath",8020,"Wallonia","Hainaut",51000
"20-29","M","Ath",7585,"Wallonia","Hainaut",51000
"30-39","M","Ath",7730,"Wallonia","Hainaut",51000
"40-49","M","Ath",8805,"Wallonia","Hainaut",51000
"50-59","M","Ath",9577,"Wallonia","Hainaut",51000
"60-69","M","Ath",7498,"Wallonia","Hainaut",51000
"70-79","M","Ath",4581,"Wallonia","Hainaut",51000
"80-89","M","Ath",1954,"Wallonia","Hainaut",51000
"90+","M","Ath",324,"Wallonia","Hainaut",51000
"All","M","Ath",62914,"Wallonia","Hainaut",51000
"0-9","All","Ath",13385,"Wallonia","Hainaut",51000
"10-19","All","Ath",15726,"Wallonia","Hainaut",51000
"20-29","All","Ath",14939,"Wallonia","Hainaut",51000
"30-39","All","Ath",15429,"Wallonia","Hainaut",51000
"40-49","All","Ath",17758,"Wallonia","Hainaut",51000
"50-59","All","Ath",18762,"Wallonia","Hainaut",51000
"60-69","All","Ath",15492,"Wallonia","Hainaut",51000
"70-79","All","Ath",10275,"Wallonia","Hainaut",51000
"80-89","All","Ath",5433,"Wallonia","Hainaut",51000
"90+","All","Ath",1269,"Wallonia","Hainaut",51000
"All","All","Ath",128468,"Wallonia","Hainaut",51000
"0-9","F","Bastogne",2976,"Wallonia","Luxembourg",82000
"10-19","F","Bastogne",3126,"Wallonia","Luxembourg",82000
"20-29","F","Bastogne",3117,"Wallonia","Luxembourg",82000
"30-39","F","Bastogne",3177,"Wallonia","Luxembourg",82000
"40-49","F","Bastogne",3171,"Wallonia","Luxembourg",82000
"50-59","F","Bastogne",3182,"Wallonia","Luxembourg",82000
"60-69","F","Bastogne",2627,"Wallonia","Luxembourg",82000
"70-79","F","Bastogne",1755,"Wallonia","Luxembourg",82000
"80-89","F","Bastogne",1172,"Wallonia","Luxembourg",82000
"90+","F","Bastogne",275,"Wallonia","Luxembourg",82000
"All","F","Bastogne",24578,"Wallonia","Luxembourg",82000
"0-9","M","Bastogne",3038,"Wallonia","Luxembourg",82000
"10-19","M","Bastogne",3179,"Wallonia","Luxembourg",82000
"20-29","M","Bastogne",3348,"Wallonia","Luxembourg",82000
"30-39","M","Bastogne",3310,"Wallonia","Luxembourg",82000
"40-49","M","Bastogne",3263,"Wallonia","Luxembourg",82000
"50-59","M","Bastogne",3439,"Wallonia","Luxembourg",82000
"60-69","M","Bastogne",2635,"Wallonia","Luxembourg",82000
"70-79","M","Bastogne",1481,"Wallonia","Luxembourg",82000
"80-89","M","Bastogne",704,"Wallonia","Luxembourg",82000
"90+","M","Bastogne",108,"Wallonia","Luxembourg",82000
"All","M","Bastogne",24505,"Wallonia","Luxembourg",82000
"0-9","All","Bastogne",6014,"Wallonia","Luxembourg",82000
"10-19","All","Bastogne",6305,"Wallonia","Luxembourg",82000
"20-29","All","Bastogne",6465,"Wallonia","Luxembourg",82000
"30-39","All","Bastogne",6487,"Wallonia","Luxembourg",82000
"40-49","All","Bastogne",6434,"Wallonia","Luxembourg",82000
"50-59","All","Bastogne",6621,"Wallonia","Luxembourg",82000
"60-69","All","Bastogne",5262,"Wallonia","Luxembourg",82000
"70-79","All","Bastogne",3236,"Wallonia","Luxembourg",82000
"80-89","All","Bastogne",1876,"Wallonia","Luxembourg",82000
"90+","All","Bastogne",383,"Wallonia","Luxembourg",82000
"All","All","Bastogne",49083,"Wallonia","Luxembourg",82000
"0-9","F","Brugge",11845,"Flanders","West-Vlaanderen",31000
"10-19","F","Brugge",13240,"Flanders","West-Vlaanderen",31000
"20-29","F","Brugge",15359,"Flanders","West-Vlaanderen",31000
"30-39","F","Brugge",15340,"Flanders","West-Vlaanderen",31000
"40-49","F","Brugge",17314,"Flanders","West-Vlaanderen",31000
"50-59","F","Brugge",20865,"Flanders","West-Vlaanderen",31000
"60-69","F","Brugge",20084,"Flanders","West-Vlaanderen",31000
"70-79","F","Brugge",15962,"Flanders","West-Vlaanderen",31000
"80-89","F","Brugge",10824,"Flanders","West-Vlaanderen",31000
"90+","F","Brugge",2743,"Flanders","West-Vlaanderen",31000
"All","F","Brugge",143576,"Flanders","West-Vlaanderen",31000
"0-9","M","Brugge",12666,"Flanders","West-Vlaanderen",31000
"10-19","M","Brugge",14034,"Flanders","West-Vlaanderen",31000
"20-29","M","Brugge",16098,"Flanders","West-Vlaanderen",31000
"30-39","M","Brugge",15841,"Flanders","West-Vlaanderen",31000
"40-49","M","Brugge",17169,"Flanders","West-Vlaanderen",31000
"50-59","M","Brugge",20998,"Flanders","West-Vlaanderen",31000
"60-69","M","Brugge",19320,"Flanders","West-Vlaanderen",31000
"70-79","M","Brugge",14312,"Flanders","West-Vlaanderen",31000
"80-89","M","Brugge",7518,"Flanders","West-Vlaanderen",31000
"90+","M","Brugge",1213,"Flanders","West-Vlaanderen",31000
"All","M","Brugge",139169,"Flanders","West-Vlaanderen",31000
"0-9","All","Brugge",24511,"Flanders","West-Vlaanderen",31000
"10-19","All","Brugge",27274,"Flanders","West-Vlaanderen",31000
"20-29","All","Brugge",31457,"Flanders","West-Vlaanderen",31000
"30-39","All","Brugge",31181,"Flanders","West-Vlaanderen",31000
"40-49","All","Brugge",34483,"Flanders","West-Vlaanderen",31000
"50-59","All","Brugge",41863,"Flanders","West-Vlaanderen",31000
"60-69","All","Brugge",39404,"Flanders","West-Vlaanderen",31000
"70-79","All","Brugge",30274,"Flanders","West-Vlaanderen",31000
"80-89","All","Brugge",18342,"Flanders","West-Vlaanderen",31000
"90+","All","Brugge",3956,"Flanders","West-Vlaanderen",31000
"All","All","Brugge",282745,"Flanders","West-Vlaanderen",31000
"0-9","F","Brussel-Hoofdstad",80026,"Brussels","Brussel",21000
"10-19","F","Brussel-Hoofdstad",68716,"Brussels","Brussel",21000
"20-29","F","Brussel-Hoofdstad",93565,"Brussels","Brussel",21000
"30-39","F","Brussel-Hoofdstad",100893,"Brussels","Brussel",21000
"40-49","F","Brussel-Hoofdstad",83834,"Brussels","Brussel",21000
"50-59","F","Brussel-Hoofdstad",69965,"Brussels","Brussel",21000
"60-69","F","Brussel-Hoofdstad",53482,"Brussels","Brussel",21000
"70-79","F","Brussel-Hoofdstad",37534,"Brussels","Brussel",21000
"80-89","F","Brussel-Hoofdstad",24627,"Brussels","Brussel",21000
"90+","F","Brussel-Hoofdstad",7907,"Brussels","Brussel",21000
"All","F","Brussel-Hoofdstad",620549,"Brussels","Brussel",21000
"0-9","M","Brussel-Hoofdstad",83715,"Brussels","Brussel",21000
"10-19","M","Brussel-Hoofdstad",71746,"Brussels","Brussel",21000
"20-29","M","Brussel-Hoofdstad",88375,"Brussels","Brussel",21000
"30-39","M","Brussel-Hoofdstad",99190,"Brussels","Brussel",21000
"40-49","M","Brussel-Hoofdstad",89943,"Brussels","Brussel",21000
"50-59","M","Brussel-Hoofdstad",72909,"Brussels","Brussel",21000
"60-69","M","Brussel-Hoofdstad",47259,"Brussels","Brussel",21000
"70-79","M","Brussel-Hoofdstad",27919,"Brussels","Brussel",21000
"80-89","M","Brussel-Hoofdstad",13935,"Brussels","Brussel",21000
"90+","M","Brussel-Hoofdstad",2715,"Brussels","Brussel",21000
"All","M","Brussel-Hoofdstad",597706,"Brussels","Brussel",21000
"0-9","All","Brussel-Hoofdstad",163741,"Brussels","Brussel",21000
"10-19","All","Brussel-Hoofdstad",140462,"Brussels","Brussel",21000
"20-29","All","Brussel-Hoofdstad",181940,"Brussels","Brussel",21000
"30-39","All","Brussel-Hoofdstad",200083,"Brussels","Brussel",21000
"40-49","All","Brussel-Hoofdstad",173777,"Brussels","Brussel",21000
"50-59","All","Brussel-Hoofdstad",142874,"Brussels","Brussel",21000
"60-69","All","Brussel-Hoofdstad",100741,"Brussels","Brussel",21000
"70-79","All","Brussel-Hoofdstad",65453,"Brussels","Brussel",21000
"80-89","All","Brussel-Hoofdstad",38562,"Brussels","Brussel",21000
"90+","All","Brussel-Hoofdstad",10622,"Brussels","Brussel",21000
"All","All","Brussel-Hoofdstad",1218255,"Brussels","Brussel",21000
"0-9","F","Charleroi",22732,"Wallonia","Hainaut",52000
"10-19","F","Charleroi",23395,"Wallonia","Hainaut",52000
"20-29","F","Charleroi",24081,"Wallonia","Hainaut",52000
"30-39","F","Charleroi",25450,"Wallonia","Hainaut",52000
"40-49","F","Charleroi",25637,"Wallonia","Hainaut",52000
"50-59","F","Charleroi",27059,"Wallonia","Hainaut",52000
"60-69","F","Charleroi",24893,"Wallonia","Hainaut",52000
"70-79","F","Charleroi",17412,"Wallonia","Hainaut",52000
"80-89","F","Charleroi",10652,"Wallonia","Hainaut",52000
"90+","F","Charleroi",2860,"Wallonia","Hainaut",52000
"All","F","Charleroi",204171,"Wallonia","Hainaut",52000
"0-9","M","Charleroi",23687,"Wallonia","Hainaut",52000
"10-19","M","Charleroi",24530,"Wallonia","Hainaut",52000
"20-29","M","Charleroi",24389,"Wallonia","Hainaut",52000
"30-39","M","Charleroi",25170,"Wallonia","Hainaut",52000
"40-49","M","Charleroi",26285,"Wallonia","Hainaut",52000
"50-59","M","Charleroi",26010,"Wallonia","Hainaut",52000
"60-69","M","Charleroi",22251,"Wallonia","Hainaut",52000
"70-79","M","Charleroi",13820,"Wallonia","Hainaut",52000
"80-89","M","Charleroi",5744,"Wallonia","Hainaut",52000
"90+","M","Charleroi",905,"Wallonia","Hainaut",52000
"All","M","Charleroi",192791,"Wallonia","Hainaut",52000
"0-9","All","Charleroi",46419,"Wallonia","Hainaut",52000
"10-19","All","Charleroi",47925,"Wallonia","Hainaut",52000
"20-29","All","Charleroi",48470,"Wallonia","Hainaut",52000
"30-39","All","Charleroi",50620,"Wallonia","Hainaut",52000
"40-49","All","Charleroi",51922,"Wallonia","Hainaut",52000
"50-59","All","Charleroi",53069,"Wallonia","Hainaut",52000
"60-69","All","Charleroi",47144,"Wallonia","Hainaut",52000
"70-79","All","Charleroi",31232,"Wallonia","Hainaut",52000
"80-89","All","Charleroi",16396,"Wallonia","Hainaut",52000
"90+","All","Charleroi",3765,"Wallonia","Hainaut",52000
"All","All","Charleroi",396962,"Wallonia","Hainaut",52000
"0-9","F","Dendermonde",10233,"Flanders","Oost-Vlaanderen",42000
"10-19","F","Dendermonde",10809,"Flanders","Oost-Vlaanderen",42000
"20-29","F","Dendermonde",11372,"Flanders","Oost-Vlaanderen",42000
"30-39","F","Dendermonde",12695,"Flanders","Oost-Vlaanderen",42000
"40-49","F","Dendermonde",13309,"Flanders","Oost-Vlaanderen",42000
"50-59","F","Dendermonde",14753,"Flanders","Oost-Vlaanderen",42000
"60-69","F","Dendermonde",12663,"Flanders","Oost-Vlaanderen",42000
"70-79","F","Dendermonde",9249,"Flanders","Oost-Vlaanderen",42000
"80-89","F","Dendermonde",6271,"Flanders","Oost-Vlaanderen",42000
"90+","F","Dendermonde",1379,"Flanders","Oost-Vlaanderen",42000
"All","F","Dendermonde",102733,"Flanders","Oost-Vlaanderen",42000
"0-9","M","Dendermonde",10695,"Flanders","Oost-Vlaanderen",42000
"10-19","M","Dendermonde",11416,"Flanders","Oost-Vlaanderen",42000
"20-29","M","Dendermonde",11373,"Flanders","Oost-Vlaanderen",42000
"30-39","M","Dendermonde",12399,"Flanders","Oost-Vlaanderen",42000
"40-49","M","Dendermonde",13631,"Flanders","Oost-Vlaanderen",42000
"50-59","M","Dendermonde",14966,"Flanders","Oost-Vlaanderen",42000
"60-69","M","Dendermonde",12420,"Flanders","Oost-Vlaanderen",42000
"70-79","M","Dendermonde",8287,"Flanders","Oost-Vlaanderen",42000
"80-89","M","Dendermonde",3973,"Flanders","Oost-Vlaanderen",42000
"90+","M","Dendermonde",518,"Flanders","Oost-Vlaanderen",42000
"All","M","Dendermonde",99678,"Flanders","Oost-Vlaanderen",42000
"0-9","All","Dendermonde",20928,"Flanders","Oost-Vlaanderen",42000
"10-19","All","Dendermonde",22225,"Flanders","Oost-Vlaanderen",42000
"20-29","All","Dendermonde",22745,"Flanders","Oost-Vlaanderen",42000
"30-39","All","Dendermonde",25094,"Flanders","Oost-Vlaanderen",42000
"40-49","All","Dendermonde",26940,"Flanders","Oost-Vlaanderen",42000
"50-59","All","Dendermonde",29719,"Flanders","Oost-Vlaanderen",42000
"60-69","All","Dendermonde",25083,"Flanders","Oost-Vlaanderen",42000
"70-79","All","Dendermonde",17536,"Flanders","Oost-Vlaanderen",42000
"80-89","All","Dendermonde",10244,"Flanders","Oost-Vlaanderen",42000
"90+","All","Dendermonde",1897,"Flanders","Oost-Vlaanderen",42000
"All","All","Dendermonde",202411,"Flanders","Oost-Vlaanderen",42000
"0-9","F","Diksmuide",2789,"Flanders","West-Vlaanderen",32000
"10-19","F","Diksmuide",2711,"Flanders","West-Vlaanderen",32000
"20-29","F","Diksmuide",2961,"Flanders","West-Vlaanderen",32000
"30-39","F","Diksmuide",3129,"Flanders","West-Vlaanderen",32000
"40-49","F","Diksmuide",3111,"Flanders","West-Vlaanderen",32000
"50-59","F","Diksmuide",3594,"Flanders","West-Vlaanderen",32000
"60-69","F","Diksmuide",3037,"Flanders","West-Vlaanderen",32000
"70-79","F","Diksmuide",2251,"Flanders","West-Vlaanderen",32000
"80-89","F","Diksmuide",1748,"Flanders","West-Vlaanderen",32000
"90+","F","Diksmuide",522,"Flanders","West-Vlaanderen",32000
"All","F","Diksmuide",25853,"Flanders","West-Vlaanderen",32000
"0-9","M","Diksmuide",2897,"Flanders","West-Vlaanderen",32000
"10-19","M","Diksmuide",2788,"Flanders","West-Vlaanderen",32000
"20-29","M","Diksmuide",3046,"Flanders","West-Vlaanderen",32000
"30-39","M","Diksmuide",3393,"Flanders","West-Vlaanderen",32000
"40-49","M","Diksmuide",3216,"Flanders","West-Vlaanderen",32000
"50-59","M","Diksmuide",3927,"Flanders","West-Vlaanderen",32000
"60-69","M","Diksmuide",3107,"Flanders","West-Vlaanderen",32000
"70-79","M","Diksmuide",2078,"Flanders","West-Vlaanderen",32000
"80-89","M","Diksmuide",1174,"Flanders","West-Vlaanderen",32000
"90+","M","Diksmuide",217,"Flanders","West-Vlaanderen",32000
"All","M","Diksmuide",25843,"Flanders","West-Vlaanderen",32000
"0-9","All","Diksmuide",5686,"Flanders","West-Vlaanderen",32000
"10-19","All","Diksmuide",5499,"Flanders","West-Vlaanderen",32000
"20-29","All","Diksmuide",6007,"Flanders","West-Vlaanderen",32000
"30-39","All","Diksmuide",6522,"Flanders","West-Vlaanderen",32000
"40-49","All","Diksmuide",6327,"Flanders","West-Vlaanderen",32000
"50-59","All","Diksmuide",7521,"Flanders","West-Vlaanderen",32000
"60-69","All","Diksmuide",6144,"Flanders","West-Vlaanderen",32000
"70-79","All","Diksmuide",4329,"Flanders","West-Vlaanderen",32000
"80-89","All","Diksmuide",2922,"Flanders","West-Vlaanderen",32000
"90+","All","Diksmuide",739,"Flanders","West-Vlaanderen",32000
"All","All","Diksmuide",51696,"Flanders","West-Vlaanderen",32000
"0-9","F","Dinant",5941,"Wallonia","Namur",91000
"10-19","F","Dinant",6436,"Wallonia","Namur",91000
"20-29","F","Dinant",6445,"Wallonia","Namur",91000
"30-39","F","Dinant",6845,"Wallonia","Namur",91000
"40-49","F","Dinant",6844,"Wallonia","Namur",91000
"50-59","F","Dinant",7964,"Wallonia","Namur",91000
"60-69","F","Dinant",7155,"Wallonia","Namur",91000
"70-79","F","Dinant",4898,"Wallonia","Namur",91000
"80-89","F","Dinant",3068,"Wallonia","Namur",91000
"90+","F","Dinant",798,"Wallonia","Namur",91000
"All","F","Dinant",56394,"Wallonia","Namur",91000
"0-9","M","Dinant",6034,"Wallonia","Namur",91000
"10-19","M","Dinant",6798,"Wallonia","Namur",91000
"20-29","M","Dinant",6768,"Wallonia","Namur",91000
"30-39","M","Dinant",6878,"Wallonia","Namur",91000
"40-49","M","Dinant",6989,"Wallonia","Namur",91000
"50-59","M","Dinant",7998,"Wallonia","Namur",91000
"60-69","M","Dinant",7041,"Wallonia","Namur",91000
"70-79","M","Dinant",4209,"Wallonia","Namur",91000
"80-89","M","Dinant",1905,"Wallonia","Namur",91000
"90+","M","Dinant",272,"Wallonia","Namur",91000
"All","M","Dinant",54892,"Wallonia","Namur",91000
"0-9","All","Dinant",11975,"Wallonia","Namur",91000
"10-19","All","Dinant",13234,"Wallonia","Namur",91000
"20-29","All","Dinant",13213,"Wallonia","Namur",91000
"30-39","All","Dinant",13723,"Wallonia","Namur",91000
"40-49","All","Dinant",13833,"Wallonia","Namur",91000
"50-59","All","Dinant",15962,"Wallonia","Namur",91000
"60-69","All","Dinant",14196,"Wallonia","Namur",91000
"70-79","All","Dinant",9107,"Wallonia","Namur",91000
"80-89","All","Dinant",4973,"Wallonia","Namur",91000
"90+","All","Dinant",1070,"Wallonia","Namur",91000
"All","All","Dinant",111286,"Wallonia","Namur",91000
"0-9","F","Eeklo",4045,"Flanders","Oost-Vlaanderen",43000
"10-19","F","Eeklo",4500,"Flanders","Oost-Vlaanderen",43000
"20-29","F","Eeklo",4678,"Flanders","Oost-Vlaanderen",43000
"30-39","F","Eeklo",4896,"Flanders","Oost-Vlaanderen",43000
"40-49","F","Eeklo",5625,"Flanders","Oost-Vlaanderen",43000
"50-59","F","Eeklo",6159,"Flanders","Oost-Vlaanderen",43000
"60-69","F","Eeklo",5287,"Flanders","Oost-Vlaanderen",43000
"70-79","F","Eeklo",4079,"Flanders","Oost-Vlaanderen",43000
"80-89","F","Eeklo",2978,"Flanders","Oost-Vlaanderen",43000
"90+","F","Eeklo",729,"Flanders","Oost-Vlaanderen",43000
"All","F","Eeklo",42976,"Flanders","Oost-Vlaanderen",43000
"0-9","M","Eeklo",4253,"Flanders","Oost-Vlaanderen",43000
"10-19","M","Eeklo",4576,"Flanders","Oost-Vlaanderen",43000
"20-29","M","Eeklo",4948,"Flanders","Oost-Vlaanderen",43000
"30-39","M","Eeklo",5089,"Flanders","Oost-Vlaanderen",43000
"40-49","M","Eeklo",5794,"Flanders","Oost-Vlaanderen",43000
"50-59","M","Eeklo",6540,"Flanders","Oost-Vlaanderen",43000
"60-69","M","Eeklo",5346,"Flanders","Oost-Vlaanderen",43000
"70-79","M","Eeklo",3790,"Flanders","Oost-Vlaanderen",43000
"80-89","M","Eeklo",2066,"Flanders","Oost-Vlaanderen",43000
"90+","M","Eeklo",314,"Flanders","Oost-Vlaanderen",43000
"All","M","Eeklo",42716,"Flanders","Oost-Vlaanderen",43000
"0-9","All","Eeklo",8298,"Flanders","Oost-Vlaanderen",43000
"10-19","All","Eeklo",9076,"Flanders","Oost-Vlaanderen",43000
"20-29","All","Eeklo",9626,"Flanders","Oost-Vlaanderen",43000
"30-39","All","Eeklo",9985,"Flanders","Oost-Vlaanderen",43000
"40-49","All","Eeklo",11419,"Flanders","Oost-Vlaanderen",43000
"50-59","All","Eeklo",12699,"Flanders","Oost-Vlaanderen",43000
"60-69","All","Eeklo",10633,"Flanders","Oost-Vlaanderen",43000
"70-79","All","Eeklo",7869,"Flanders","Oost-Vlaanderen",43000
"80-89","All","Eeklo",5044,"Flanders","Oost-Vlaanderen",43000
"90+","All","Eeklo",1043,"Flanders","Oost-Vlaanderen",43000
"All","All","Eeklo",85692,"Flanders","Oost-Vlaanderen",43000
"0-9","F","Gent",29057,"Flanders","Oost-Vlaanderen",44000
"10-19","F","Gent",29039,"Flanders","Oost-Vlaanderen",44000
"20-29","F","Gent",37859,"Flanders","Oost-Vlaanderen",44000
"30-39","F","Gent",38657,"Flanders","Oost-Vlaanderen",44000
"40-49","F","Gent",36098,"Flanders","Oost-Vlaanderen",44000
"50-59","F","Gent",37219,"Flanders","Oost-Vlaanderen",44000
"60-69","F","Gent",31455,"Flanders","Oost-Vlaanderen",44000
"70-79","F","Gent",23853,"Flanders","Oost-Vlaanderen",44000
"80-89","F","Gent",16939,"Flanders","Oost-Vlaanderen",44000
"90+","F","Gent",4327,"Flanders","Oost-Vlaanderen",44000
"All","F","Gent",284503,"Flanders","Oost-Vlaanderen",44000
"0-9","M","Gent",30627,"Flanders","Oost-Vlaanderen",44000
"10-19","M","Gent",30485,"Flanders","Oost-Vlaanderen",44000
"20-29","M","Gent",38769,"Flanders","Oost-Vlaanderen",44000
"30-39","M","Gent",39844,"Flanders","Oost-Vlaanderen",44000
"40-49","M","Gent",37708,"Flanders","Oost-Vlaanderen",44000
"50-59","M","Gent",37788,"Flanders","Oost-Vlaanderen",44000
"60-69","M","Gent",30641,"Flanders","Oost-Vlaanderen",44000
"70-79","M","Gent",20715,"Flanders","Oost-Vlaanderen",44000
"80-89","M","Gent",11229,"Flanders","Oost-Vlaanderen",44000
"90+","M","Gent",1733,"Flanders","Oost-Vlaanderen",44000
"All","M","Gent",279539,"Flanders","Oost-Vlaanderen",44000
"0-9","All","Gent",59684,"Flanders","Oost-Vlaanderen",44000
"10-19","All","Gent",59524,"Flanders","Oost-Vlaanderen",44000
"20-29","All","Gent",76628,"Flanders","Oost-Vlaanderen",44000
"30-39","All","Gent",78501,"Flanders","Oost-Vlaanderen",44000
"40-49","All","Gent",73806,"Flanders","Oost-Vlaanderen",44000
"50-59","All","Gent",75007,"Flanders","Oost-Vlaanderen",44000
"60-69","All","Gent",62096,"Flanders","Oost-Vlaanderen",44000
"70-79","All","Gent",44568,"Flanders","Oost-Vlaanderen",44000
"80-89","All","Gent",28168,"Flanders","Oost-Vlaanderen",44000
"90+","All","Gent",6060,"Flanders","Oost-Vlaanderen",44000
"All","All","Gent",564042,"Flanders","Oost-Vlaanderen",44000
"0-9","F","Halle-Vilvoorde",37030,"Flanders","Vlaams-Brabant",23000
"10-19","F","Halle-Vilvoorde",38900,"Flanders","Vlaams-Brabant",23000
"20-29","F","Halle-Vilvoorde",35993,"Flanders","Vlaams-Brabant",23000
"30-39","F","Halle-Vilvoorde",40162,"Flanders","Vlaams-Brabant",23000
"40-49","F","Halle-Vilvoorde",43929,"Flanders","Vlaams-Brabant",23000
"50-59","F","Halle-Vilvoorde",45843,"Flanders","Vlaams-Brabant",23000
"60-69","F","Halle-Vilvoorde",37391,"Flanders","Vlaams-Brabant",23000
"70-79","F","Halle-Vilvoorde",27095,"Flanders","Vlaams-Brabant",23000
"80-89","F","Halle-Vilvoorde",18849,"Flanders","Vlaams-Brabant",23000
"90+","F","Halle-Vilvoorde",4702,"Flanders","Vlaams-Brabant",23000
"All","F","Halle-Vilvoorde",329894,"Flanders","Vlaams-Brabant",23000
"0-9","M","Halle-Vilvoorde",38638,"Flanders","Vlaams-Brabant",23000
"10-19","M","Halle-Vilvoorde",40599,"Flanders","Vlaams-Brabant",23000
"20-29","M","Halle-Vilvoorde",36480,"Flanders","Vlaams-Brabant",23000
"30-39","M","Halle-Vilvoorde",37590,"Flanders","Vlaams-Brabant",23000
"40-49","M","Halle-Vilvoorde",42365,"Flanders","Vlaams-Brabant",23000
"50-59","M","Halle-Vilvoorde",45182,"Flanders","Vlaams-Brabant",23000
"60-69","M","Halle-Vilvoorde",35725,"Flanders","Vlaams-Brabant",23000
"70-79","M","Halle-Vilvoorde",22973,"Flanders","Vlaams-Brabant",23000
"80-89","M","Halle-Vilvoorde",12356,"Flanders","Vlaams-Brabant",23000
"90+","M","Halle-Vilvoorde",1964,"Flanders","Vlaams-Brabant",23000
"All","M","Halle-Vilvoorde",313872,"Flanders","Vlaams-Brabant",23000
"0-9","All","Halle-Vilvoorde",75668,"Flanders","Vlaams-Brabant",23000
"10-19","All","Halle-Vilvoorde",79499,"Flanders","Vlaams-Brabant",23000
"20-29","All","Halle-Vilvoorde",72473,"Flanders","Vlaams-Brabant",23000
"30-39","All","Halle-Vilvoorde",77752,"Flanders","Vlaams-Brabant",23000
"40-49","All","Halle-Vilvoorde",86294,"Flanders","Vlaams-Brabant",23000
"50-59","All","Halle-Vilvoorde",91025,"Flanders","Vlaams-Brabant",23000
"60-69","All","Halle-Vilvoorde",73116,"Flanders","Vlaams-Brabant",23000
"70-79","All","Halle-Vilvoorde",50068,"Flanders","Vlaams-Brabant",23000
"80-89","All","Halle-Vilvoorde",31205,"Flanders","Vlaams-Brabant",23000
"90+","All","Halle-Vilvoorde",6666,"Flanders","Vlaams-Brabant",23000
"All","All","Halle-Vilvoorde",643766,"Flanders","Vlaams-Brabant",23000
"0-9","F","Hasselt",20578,"Flanders","Limburg",71000
"10-19","F","Hasselt",21579,"Flanders","Limburg",71000
"20-29","F","Hasselt",23490,"Flanders","Limburg",71000
"30-39","F","Hasselt",26714,"Flanders","Limburg",71000
"40-49","F","Hasselt",27716,"Flanders","Limburg",71000
"50-59","F","Hasselt",30215,"Flanders","Limburg",71000
"60-69","F","Hasselt",27746,"Flanders","Limburg",71000
"70-79","F","Hasselt",18968,"Flanders","Limburg",71000
"80-89","F","Hasselt",12409,"Flanders","Limburg",71000
"90+","F","Hasselt",2808,"Flanders","Limburg",71000
"All","F","Hasselt",212223,"Flanders","Limburg",71000
"0-9","M","Hasselt",21537,"Flanders","Limburg",71000
"10-19","M","Hasselt",22693,"Flanders","Limburg",71000
"20-29","M","Hasselt",23989,"Flanders","Limburg",71000
"30-39","M","Hasselt",26539,"Flanders","Limburg",71000
"40-49","M","Hasselt",28009,"Flanders","Limburg",71000
"50-59","M","Hasselt",31092,"Flanders","Limburg",71000
"60-69","M","Hasselt",27216,"Flanders","Limburg",71000
"70-79","M","Hasselt",17182,"Flanders","Limburg",71000
"80-89","M","Hasselt",8638,"Flanders","Limburg",71000
"90+","M","Hasselt",1194,"Flanders","Limburg",71000
"All","M","Hasselt",208089,"Flanders","Limburg",71000
"0-9","All","Hasselt",42115,"Flanders","Limburg",71000
"10-19","All","Hasselt",44272,"Flanders","Limburg",71000
"20-29","All","Hasselt",47479,"Flanders","Limburg",71000
"30-39","All","Hasselt",53253,"Flanders","Limburg",71000
"40-49","All","Hasselt",55725,"Flanders","Limburg",71000
"50-59","All","Hasselt",61307,"Flanders","Limburg",71000
"60-69","All","Hasselt",54962,"Flanders","Limburg",71000
"70-79","All","Hasselt",36150,"Flanders","Limburg",71000
"80-89","All","Hasselt",21047,"Flanders","Limburg",71000
"90+","All","Hasselt",4002,"Flanders","Limburg",71000
"All","All","Hasselt",420312,"Flanders","Limburg",71000
"0-9","F","Huy",6050,"Wallonia","Liège",61000
"10-19","F","Huy",6829,"Wallonia","Liège",61000
"20-29","F","Huy",6535,"Wallonia","Liège",61000
"30-39","F","Huy",7281,"Wallonia","Liège",61000
"40-49","F","Huy",7700,"Wallonia","Liège",61000
"50-59","F","Huy",8143,"Wallonia","Liège",61000
"60-69","F","Huy",7168,"Wallonia","Liège",61000
"70-79","F","Huy",4646,"Wallonia","Liège",61000
"80-89","F","Huy",2824,"Wallonia","Liège",61000
"90+","F","Huy",709,"Wallonia","Liège",61000
"All","F","Huy",57885,"Wallonia","Liège",61000
"0-9","M","Huy",6375,"Wallonia","Liège",61000
"10-19","M","Huy",7094,"Wallonia","Liège",61000
"20-29","M","Huy",6800,"Wallonia","Liège",61000
"30-39","M","Huy",7242,"Wallonia","Liège",61000
"40-49","M","Huy",7613,"Wallonia","Liège",61000
"50-59","M","Huy",8112,"Wallonia","Liège",61000
"60-69","M","Huy",6836,"Wallonia","Liège",61000
"70-79","M","Huy",3976,"Wallonia","Liège",61000
"80-89","M","Huy",1680,"Wallonia","Liège",61000
"90+","M","Huy",256,"Wallonia","Liège",61000
"All","M","Huy",55984,"Wallonia","Liège",61000
"0-9","All","Huy",12425,"Wallonia","Liège",61000
"10-19","All","Huy",13923,"Wallonia","Liège",61000
"20-29","All","Huy",13335,"Wallonia","Liège",61000
"30-39","All","Huy",14523,"Wallonia","Liège",61000
"40-49","All","Huy",15313,"Wallonia","Liège",61000
"50-59","All","Huy",16255,"Wallonia","Liège",61000
"60-69","All","Huy",14004,"Wallonia","Liège",61000
"70-79","All","Huy",8622,"Wallonia","Liège",61000
"80-89","All","Huy",4504,"Wallonia","Liège",61000
"90+","All","Huy",965,"Wallonia","Liège",61000
"All","All","Huy",113869,"Wallonia","Liège",61000
"0-9","F","Ieper",5446,"Flanders","West-Vlaanderen",33000
"10-19","F","Ieper",5771,"Flanders","West-Vlaanderen",33000
"20-29","F","Ieper",5930,"Flanders","West-Vlaanderen",33000
"30-39","F","Ieper",6139,"Flanders","West-Vlaanderen",33000
"40-49","F","Ieper",6444,"Flanders","West-Vlaanderen",33000
"50-59","F","Ieper",7382,"Flanders","West-Vlaanderen",33000
"60-69","F","Ieper",6495,"Flanders","West-Vlaanderen",33000
"70-79","F","Ieper",5031,"Flanders","West-Vlaanderen",33000
"80-89","F","Ieper",3672,"Flanders","West-Vlaanderen",33000
"90+","F","Ieper",1025,"Flanders","West-Vlaanderen",33000
"All","F","Ieper",53335,"Flanders","West-Vlaanderen",33000
"0-9","M","Ieper",5654,"Flanders","West-Vlaanderen",33000
"10-19","M","Ieper",6206,"Flanders","West-Vlaanderen",33000
"20-29","M","Ieper",6251,"Flanders","West-Vlaanderen",33000
"30-39","M","Ieper",6442,"Flanders","West-Vlaanderen",33000
"40-49","M","Ieper",6661,"Flanders","West-Vlaanderen",33000
"50-59","M","Ieper",7862,"Flanders","West-Vlaanderen",33000
"60-69","M","Ieper",6579,"Flanders","West-Vlaanderen",33000
"70-79","M","Ieper",4688,"Flanders","West-Vlaanderen",33000
"80-89","M","Ieper",2461,"Flanders","West-Vlaanderen",33000
"90+","M","Ieper",431,"Flanders","West-Vlaanderen",33000
"All","M","Ieper",53235,"Flanders","West-Vlaanderen",33000
"0-9","All","Ieper",11100,"Flanders","West-Vlaanderen",33000
"10-19","All","Ieper",11977,"Flanders","West-Vlaanderen",33000
"20-29","All","Ieper",12181,"Flanders","West-Vlaanderen",33000
"30-39","All","Ieper",12581,"Flanders","West-Vlaanderen",33000
"40-49","All","Ieper",13105,"Flanders","West-Vlaanderen",33000
"50-59","All","Ieper",15244,"Flanders","West-Vlaanderen",33000
"60-69","All","Ieper",13074,"Flanders","West-Vlaanderen",33000
"70-79","All","Ieper",9719,"Flanders","West-Vlaanderen",33000
"80-89","All","Ieper",6133,"Flanders","West-Vlaanderen",33000
"90+","All","Ieper",1456,"Flanders","West-Vlaanderen",33000
"All","All","Ieper",106570,"Flanders","West-Vlaanderen",33000
"0-9","F","Kortrijk",15573,"Flanders","West-Vlaanderen",34000
"10-19","F","Kortrijk",15280,"Flanders","West-Vlaanderen",34000
"20-29","F","Kortrijk",17199,"Flanders","West-Vlaanderen",34000
"30-39","F","Kortrijk",17881,"Flanders","West-Vlaanderen",34000
"40-49","F","Kortrijk",17802,"Flanders","West-Vlaanderen",34000
"50-59","F","Kortrijk",20181,"Flanders","West-Vlaanderen",34000
"60-69","F","Kortrijk",17533,"Flanders","West-Vlaanderen",34000
"70-79","F","Kortrijk",14000,"Flanders","West-Vlaanderen",34000
"80-89","F","Kortrijk",9818,"Flanders","West-Vlaanderen",34000
"90+","F","Kortrijk",2465,"Flanders","West-Vlaanderen",34000
"All","F","Kortrijk",147732,"Flanders","West-Vlaanderen",34000
"0-9","M","Kortrijk",16064,"Flanders","West-Vlaanderen",34000
"10-19","M","Kortrijk",16058,"Flanders","West-Vlaanderen",34000
"20-29","M","Kortrijk",17861,"Flanders","West-Vlaanderen",34000
"30-39","M","Kortrijk",18389,"Flanders","West-Vlaanderen",34000
"40-49","M","Kortrijk",18472,"Flanders","West-Vlaanderen",34000
"50-59","M","Kortrijk",21091,"Flanders","West-Vlaanderen",34000
"60-69","M","Kortrijk",17211,"Flanders","West-Vlaanderen",34000
"70-79","M","Kortrijk",11982,"Flanders","West-Vlaanderen",34000
"80-89","M","Kortrijk",6653,"Flanders","West-Vlaanderen",34000
"90+","M","Kortrijk",980,"Flanders","West-Vlaanderen",34000
"All","M","Kortrijk",144761,"Flanders","West-Vlaanderen",34000
"0-9","All","Kortrijk",31637,"Flanders","West-Vlaanderen",34000
"10-19","All","Kortrijk",31338,"Flanders","West-Vlaanderen",34000
"20-29","All","Kortrijk",35060,"Flanders","West-Vlaanderen",34000
"30-39","All","Kortrijk",36270,"Flanders","West-Vlaanderen",34000
"40-49","All","Kortrijk",36274,"Flanders","West-Vlaanderen",34000
"50-59","All","Kortrijk",41272,"Flanders","West-Vlaanderen",34000
"60-69","All","Kortrijk",34744,"Flanders","West-Vlaanderen",34000
"70-79","All","Kortrijk",25982,"Flanders","West-Vlaanderen",34000
"80-89","All","Kortrijk",16471,"Flanders","West-Vlaanderen",34000
"90+","All","Kortrijk",3445,"Flanders","West-Vlaanderen",34000
"All","All","Kortrijk",292493,"Flanders","West-Vlaanderen",34000
"0-9","F","La Louvière",7452,"Wallonia","Hainaut",58000
"10-19","F","La Louvière",8225,"Wallonia","Hainaut",58000
"20-29","F","La Louvière",8497,"Wallonia","Hainaut",58000
"30-39","F","La Louvière",8845,"Wallonia","Hainaut",58000
"40-49","F","La Louvière",9220,"Wallonia","Hainaut",58000
"50-59","F","La Louvière",10047,"Wallonia","Hainaut",58000
"60-69","F","La Louvière",9220,"Wallonia","Hainaut",58000
"70-79","F","La Louvière",6422,"Wallonia","Hainaut",58000
"80-89","F","La Louvière",3918,"Wallonia","Hainaut",58000
"90+","F","La Louvière",1078,"Wallonia","Hainaut",58000
"All","F","La Louvière",72924,"Wallonia","Hainaut",58000
"0-9","M","La Louvière",8020,"Wallonia","Hainaut",58000
"10-19","M","La Louvière",8564,"Wallonia","Hainaut",58000
"20-29","M","La Louvière",8613,"Wallonia","Hainaut",58000
"30-39","M","La Louvière",8907,"Wallonia","Hainaut",58000
"40-49","M","La Louvière",9365,"Wallonia","Hainaut",58000
"50-59","M","La Louvière",9487,"Wallonia","Hainaut",58000
"60-69","M","La Louvière",8033,"Wallonia","Hainaut",58000
"70-79","M","La Louvière",5072,"Wallonia","Hainaut",58000
"80-89","M","La Louvière",2138,"Wallonia","Hainaut",58000
"90+","M","La Louvière",347,"Wallonia","Hainaut",58000
"All","M","La Louvière",68546,"Wallonia","Hainaut",58000
"0-9","All","La Louvière",15472,"Wallonia","Hainaut",58000
"10-19","All","La Louvière",16789,"Wallonia","Hainaut",58000
"20-29","All","La Louvière",17110,"Wallonia","Hainaut",58000
"30-39","All","La Louvière",17752,"Wallonia","Hainaut",58000
"40-49","All","La Louvière",18585,"Wallonia","Hainaut",58000
"50-59","All","La Louvière",19534,"Wallonia","Hainaut",58000
"60-69","All","La Louvière",17253,"Wallonia","Hainaut",58000
"70-79","All","La Louvière",11494,"Wallonia","Hainaut",58000
"80-89","All","La Louvière",6056,"Wallonia","Hainaut",58000
"90+","All","La Louvière",1425,"Wallonia","Hainaut",58000
"All","All","La Louvière",141470,"Wallonia","Hainaut",58000
"0-9","F","Leuven",25307,"Flanders","Vlaams-Brabant",24000
"10-19","F","Leuven",27095,"Flanders","Vlaams-Brabant",24000
"20-29","F","Leuven",31279,"Flanders","Vlaams-Brabant",24000
"30-39","F","Leuven",32109,"Flanders","Vlaams-Brabant",24000
"40-49","F","Leuven",33382,"Flanders","Vlaams-Brabant",24000
"50-59","F","Leuven",36093,"Flanders","Vlaams-Brabant",24000
"60-69","F","Leuven",31336,"Flanders","Vlaams-Brabant",24000
"70-79","F","Leuven",22758,"Flanders","Vlaams-Brabant",24000
"80-89","F","Leuven",15494,"Flanders","Vlaams-Brabant",24000
"90+","F","Leuven",4000,"Flanders","Vlaams-Brabant",24000
"All","F","Leuven",258853,"Flanders","Vlaams-Brabant",24000
"0-9","M","Leuven",26627,"Flanders","Vlaams-Brabant",24000
"10-19","M","Leuven",28298,"Flanders","Vlaams-Brabant",24000
"20-29","M","Leuven",32404,"Flanders","Vlaams-Brabant",24000
"30-39","M","Leuven",32230,"Flanders","Vlaams-Brabant",24000
"40-49","M","Leuven",33488,"Flanders","Vlaams-Brabant",24000
"50-59","M","Leuven",36755,"Flanders","Vlaams-Brabant",24000
"60-69","M","Leuven",30709,"Flanders","Vlaams-Brabant",24000
"70-79","M","Leuven",20474,"Flanders","Vlaams-Brabant",24000
"80-89","M","Leuven",10547,"Flanders","Vlaams-Brabant",24000
"90+","M","Leuven",1692,"Flanders","Vlaams-Brabant",24000
"All","M","Leuven",253224,"Flanders","Vlaams-Brabant",24000
"0-9","All","Leuven",51934,"Flanders","Vlaams-Brabant",24000
"10-19","All","Leuven",55393,"Flanders","Vlaams-Brabant",24000
"20-29","All","Leuven",63683,"Flanders","Vlaams-Brabant",24000
"30-39","All","Leuven",64339,"Flanders","Vlaams-Brabant",24000
"40-49","All","Leuven",66870,"Flanders","Vlaams-Brabant",24000
"50-59","All","Leuven",72848,"Flanders","Vlaams-Brabant",24000
"60-69","All","Leuven",62045,"Flanders","Vlaams-Brabant",24000
"70-79","All","Leuven",43232,"Flanders","Vlaams-Brabant",24000
"80-89","All","Leuven",26041,"Flanders","Vlaams-Brabant",24000
"90+","All","Leuven",5692,"Flanders","Vlaams-Brabant",24000
"All","All","Leuven",512077,"Flanders","Vlaams-Brabant",24000
"0-9","F","Liège",34479,"Wallonia","Liège",62000
"10-19","F","Liège",34772,"Wallonia","Liège",62000
"20-29","F","Liège",40022,"Wallonia","Liège",62000
"30-39","F","Liège",41798,"Wallonia","Liège",62000
"40-49","F","Liège",39291,"Wallonia","Liège",62000
"50-59","F","Liège",41179,"Wallonia","Liège",62000
"60-69","F","Liège",38760,"Wallonia","Liège",62000
"70-79","F","Liège",27997,"Wallonia","Liège",62000
"80-89","F","Liège",17646,"Wallonia","Liège",62000
"90+","F","Liège",4666,"Wallonia","Liège",62000
"All","F","Liège",320610,"Wallonia","Liège",62000
"0-9","M","Liège",35708,"Wallonia","Liège",62000
"10-19","M","Liège",36168,"Wallonia","Liège",62000
"20-29","M","Liège",39883,"Wallonia","Liège",62000
"30-39","M","Liège",41405,"Wallonia","Liège",62000
"40-49","M","Liège",40494,"Wallonia","Liège",62000
"50-59","M","Liège",40964,"Wallonia","Liège",62000
"60-69","M","Liège",35761,"Wallonia","Liège",62000
"70-79","M","Liège",22493,"Wallonia","Liège",62000
"80-89","M","Liège",10636,"Wallonia","Liège",62000
"90+","M","Liège",1643,"Wallonia","Liège",62000
"All","M","Liège",305155,"Wallonia","Liège",62000
"0-9","All","Liège",70187,"Wallonia","Liège",62000
"10-19","All","Liège",70940,"Wallonia","Liège",62000
"20-29","All","Liège",79905,"Wallonia","Liège",62000
"30-39","All","Liège",83203,"Wallonia","Liège",62000
"40-49","All","Liège",79785,"Wallonia","Liège",62000
"50-59","All","Liège",82143,"Wallonia","Liège",62000
"60-69","All","Liège",74521,"Wallonia","Liège",62000
"70-79","All","Liège",50490,"Wallonia","Liège",62000
"80-89","All","Liège",28282,"Wallonia","Liège",62000
"90+","All","Liège",6309,"Wallonia","Liège",62000
"All","All","Liège",625765,"Wallonia","Liège",62000
"0-9","F","Maaseik",12355,"Flanders","Limburg",72000
"10-19","F","Maaseik",12884,"Flanders","Limburg",72000
"20-29","F","Maaseik",13735,"Flanders","Limburg",72000
"30-39","F","Maaseik",15392,"Flanders","Limburg",72000
"40-49","F","Maaseik",15770,"Flanders","Limburg",72000
"50-59","F","Maaseik",19550,"Flanders","Limburg",72000
"60-69","F","Maaseik",16702,"Flanders","Limburg",72000
"70-79","F","Maaseik",10877,"Flanders","Limburg",72000
"80-89","F","Maaseik",7019,"Flanders","Limburg",72000
"90+","F","Maaseik",1325,"Flanders","Limburg",72000
"All","F","Maaseik",125609,"Flanders","Limburg",72000
"0-9","M","Maaseik",13128,"Flanders","Limburg",72000
"10-19","M","Maaseik",13651,"Flanders","Limburg",72000
"20-29","M","Maaseik",14401,"Flanders","Limburg",72000
"30-39","M","Maaseik",15444,"Flanders","Limburg",72000
"40-49","M","Maaseik",15916,"Flanders","Limburg",72000
"50-59","M","Maaseik",20081,"Flanders","Limburg",72000
"60-69","M","Maaseik",17246,"Flanders","Limburg",72000
"70-79","M","Maaseik",10607,"Flanders","Limburg",72000
"80-89","M","Maaseik",5378,"Flanders","Limburg",72000
"90+","M","Maaseik",654,"Flanders","Limburg",72000
"All","M","Maaseik",126506,"Flanders","Limburg",72000
"0-9","All","Maaseik",25483,"Flanders","Limburg",72000
"10-19","All","Maaseik",26535,"Flanders","Limburg",72000
"20-29","All","Maaseik",28136,"Flanders","Limburg",72000
"30-39","All","Maaseik",30836,"Flanders","Limburg",72000
"40-49","All","Maaseik",31686,"Flanders","Limburg",72000
"50-59","All","Maaseik",39631,"Flanders","Limburg",72000
"60-69","All","Maaseik",33948,"Flanders","Limburg",72000
"70-79","All","Maaseik",21484,"Flanders","Limburg",72000
"80-89","All","Maaseik",12397,"Flanders","Limburg",72000
"90+","All","Maaseik",1979,"Flanders","Limburg",72000
"All","All","Maaseik",252115,"Flanders","Limburg",72000
"0-9","F","Marche-en-Famenne",2825,"Wallonia","Luxembourg",83000
"10-19","F","Marche-en-Famenne",3263,"Wallonia","Luxembourg",83000
"20-29","F","Marche-en-Famenne",3386,"Wallonia","Luxembourg",83000
"30-39","F","Marche-en-Famenne",3424,"Wallonia","Luxembourg",83000
"40-49","F","Marche-en-Famenne",3500,"Wallonia","Luxembourg",83000
"50-59","F","Marche-en-Famenne",4114,"Wallonia","Luxembourg",83000
"60-69","F","Marche-en-Famenne",3743,"Wallonia","Luxembourg",83000
"70-79","F","Marche-en-Famenne",2304,"Wallonia","Luxembourg",83000
"80-89","F","Marche-en-Famenne",1491,"Wallonia","Luxembourg",83000
"90+","F","Marche-en-Famenne",384,"Wallonia","Luxembourg",83000
"All","F","Marche-en-Famenne",28434,"Wallonia","Luxembourg",83000
"0-9","M","Marche-en-Famenne",3155,"Wallonia","Luxembourg",83000
"10-19","M","Marche-en-Famenne",3499,"Wallonia","Luxembourg",83000
"20-29","M","Marche-en-Famenne",3658,"Wallonia","Luxembourg",83000
"30-39","M","Marche-en-Famenne",3519,"Wallonia","Luxembourg",83000
"40-49","M","Marche-en-Famenne",3450,"Wallonia","Luxembourg",83000
"50-59","M","Marche-en-Famenne",4146,"Wallonia","Luxembourg",83000
"60-69","M","Marche-en-Famenne",3701,"Wallonia","Luxembourg",83000
"70-79","M","Marche-en-Famenne",2130,"Wallonia","Luxembourg",83000
"80-89","M","Marche-en-Famenne",969,"Wallonia","Luxembourg",83000
"90+","M","Marche-en-Famenne",110,"Wallonia","Luxembourg",83000
"All","M","Marche-en-Famenne",28337,"Wallonia","Luxembourg",83000
"0-9","All","Marche-en-Famenne",5980,"Wallonia","Luxembourg",83000
"10-19","All","Marche-en-Famenne",6762,"Wallonia","Luxembourg",83000
"20-29","All","Marche-en-Famenne",7044,"Wallonia","Luxembourg",83000
"30-39","All","Marche-en-Famenne",6943,"Wallonia","Luxembourg",83000
"40-49","All","Marche-en-Famenne",6950,"Wallonia","Luxembourg",83000
"50-59","All","Marche-en-Famenne",8260,"Wallonia","Luxembourg",83000
"60-69","All","Marche-en-Famenne",7444,"Wallonia","Luxembourg",83000
"70-79","All","Marche-en-Famenne",4434,"Wallonia","Luxembourg",83000
"80-89","All","Marche-en-Famenne",2460,"Wallonia","Luxembourg",83000
"90+","All","Marche-en-Famenne",494,"Wallonia","Luxembourg",83000
"All","All","Marche-en-Famenne",56771,"Wallonia","Luxembourg",83000
"0-9","F","Mechelen",18314,"Flanders","Antwerpen",12000
"10-19","F","Mechelen",18702,"Flanders","Antwerpen",12000
"20-29","F","Mechelen",20216,"Flanders","Antwerpen",12000
"30-39","F","Mechelen",22291,"Flanders","Antwerpen",12000
"40-49","F","Mechelen",22323,"Flanders","Antwerpen",12000
"50-59","F","Mechelen",24869,"Flanders","Antwerpen",12000
"60-69","F","Mechelen",21085,"Flanders","Antwerpen",12000
"70-79","F","Mechelen",15354,"Flanders","Antwerpen",12000
"80-89","F","Mechelen",10711,"Flanders","Antwerpen",12000
"90+","F","Mechelen",2640,"Flanders","Antwerpen",12000
"All","F","Mechelen",176505,"Flanders","Antwerpen",12000
"0-9","M","Mechelen",18799,"Flanders","Antwerpen",12000
"10-19","M","Mechelen",19629,"Flanders","Antwerpen",12000
"20-29","M","Mechelen",20188,"Flanders","Antwerpen",12000
"30-39","M","Mechelen",21895,"Flanders","Antwerpen",12000
"40-49","M","Mechelen",22106,"Flanders","Antwerpen",12000
"50-59","M","Mechelen",25152,"Flanders","Antwerpen",12000
"60-69","M","Mechelen",20711,"Flanders","Antwerpen",12000
"70-79","M","Mechelen",13848,"Flanders","Antwerpen",12000
"80-89","M","Mechelen",7191,"Flanders","Antwerpen",12000
"90+","M","Mechelen",1101,"Flanders","Antwerpen",12000
"All","M","Mechelen",170620,"Flanders","Antwerpen",12000
"0-9","All","Mechelen",37113,"Flanders","Antwerpen",12000
"10-19","All","Mechelen",38331,"Flanders","Antwerpen",12000
"20-29","All","Mechelen",40404,"Flanders","Antwerpen",12000
"30-39","All","Mechelen",44186,"Flanders","Antwerpen",12000
"40-49","All","Mechelen",44429,"Flanders","Antwerpen",12000
"50-59","All","Mechelen",50021,"Flanders","Antwerpen",12000
"60-69","All","Mechelen",41796,"Flanders","Antwerpen",12000
"70-79","All","Mechelen",29202,"Flanders","Antwerpen",12000
"80-89","All","Mechelen",17902,"Flanders","Antwerpen",12000
"90+","All","Mechelen",3741,"Flanders","Antwerpen",12000
"All","All","Mechelen",347125,"Flanders","Antwerpen",12000
"0-9","F","Mons",13834,"Wallonia","Hainaut",53000
"10-19","F","Mons",15004,"Wallonia","Hainaut",53000
"20-29","F","Mons",15827,"Wallonia","Hainaut",53000
"30-39","F","Mons",16713,"Wallonia","Hainaut",53000
"40-49","F","Mons",17477,"Wallonia","Hainaut",53000
"50-59","F","Mons",17567,"Wallonia","Hainaut",53000
"60-69","F","Mons",17202,"Wallonia","Hainaut",53000
"70-79","F","Mons",11630,"Wallonia","Hainaut",53000
"80-89","F","Mons",6762,"Wallonia","Hainaut",53000
"90+","F","Mons",1927,"Wallonia","Hainaut",53000
"All","F","Mons",133943,"Wallonia","Hainaut",53000
"0-9","M","Mons",14475,"Wallonia","Hainaut",53000
"10-19","M","Mons",15660,"Wallonia","Hainaut",53000
"20-29","M","Mons",16297,"Wallonia","Hainaut",53000
"30-39","M","Mons",16779,"Wallonia","Hainaut",53000
"40-49","M","Mons",17464,"Wallonia","Hainaut",53000
"50-59","M","Mons",17033,"Wallonia","Hainaut",53000
"60-69","M","Mons",14767,"Wallonia","Hainaut",53000
"70-79","M","Mons",8815,"Wallonia","Hainaut",53000
"80-89","M","Mons",3466,"Wallonia","Hainaut",53000
"90+","M","Mons",538,"Wallonia","Hainaut",53000
"All","M","Mons",125294,"Wallonia","Hainaut",53000
"0-9","All","Mons",28309,"Wallonia","Hainaut",53000
"10-19","All","Mons",30664,"Wallonia","Hainaut",53000
"20-29","All","Mons",32124,"Wallonia","Hainaut",53000
"30-39","All","Mons",33492,"Wallonia","Hainaut",53000
"40-49","All","Mons",34941,"Wallonia","Hainaut",53000
"50-59","All","Mons",34600,"Wallonia","Hainaut",53000
"60-69","All","Mons",31969,"Wallonia","Hainaut",53000
"70-79","All","Mons",20445,"Wallonia","Hainaut",53000
"80-89","All","Mons",10228,"Wallonia","Hainaut",53000
"90+","All","Mons",2465,"Wallonia","Hainaut",53000
"All","All","Mons",259237,"Wallonia","Hainaut",53000
"0-9","F","Namur",16986,"Wallonia","Namur",92000
"10-19","F","Namur",18651,"Wallonia","Namur",92000
"20-29","F","Namur",19879,"Wallonia","Namur",92000
"30-39","F","Namur",21023,"Wallonia","Namur",92000
"40-49","F","Namur",20861,"Wallonia","Namur",92000
"50-59","F","Namur",21731,"Wallonia","Namur",92000
"60-69","F","Namur",19653,"Wallonia","Namur",92000
"70-79","F","Namur",13374,"Wallonia","Namur",92000
"80-89","F","Namur",8306,"Wallonia","Namur",92000
"90+","F","Namur",2296,"Wallonia","Namur",92000
"All","F","Namur",162760,"Wallonia","Namur",92000
"0-9","M","Namur",17610,"Wallonia","Namur",92000
"10-19","M","Namur",19463,"Wallonia","Namur",92000
"20-29","M","Namur",20564,"Wallonia","Namur",92000
"30-39","M","Namur",20847,"Wallonia","Namur",92000
"40-49","M","Namur",20953,"Wallonia","Namur",92000
"50-59","M","Namur",21243,"Wallonia","Namur",92000
"60-69","M","Namur",18137,"Wallonia","Namur",92000
"70-79","M","Namur",11050,"Wallonia","Namur",92000
"80-89","M","Namur",4868,"Wallonia","Namur",92000
"90+","M","Namur",736,"Wallonia","Namur",92000
"All","M","Namur",155471,"Wallonia","Namur",92000
"0-9","All","Namur",34596,"Wallonia","Namur",92000
"10-19","All","Namur",38114,"Wallonia","Namur",92000
"20-29","All","Namur",40443,"Wallonia","Namur",92000
"30-39","All","Namur",41870,"Wallonia","Namur",92000
"40-49","All","Namur",41814,"Wallonia","Namur",92000
"50-59","All","Namur",42974,"Wallonia","Namur",92000
"60-69","All","Namur",37790,"Wallonia","Namur",92000
"70-79","All","Namur",24424,"Wallonia","Namur",92000
"80-89","All","Namur",13174,"Wallonia","Namur",92000
"90+","All","Namur",3032,"Wallonia","Namur",92000
"All","All","Namur",318231,"Wallonia","Namur",92000
"0-9","F","Neufchâteau",3675,"Wallonia","Luxembourg",84000
"10-19","F","Neufchâteau",4007,"Wallonia","Luxembourg",84000
"20-29","F","Neufchâteau",3863,"Wallonia","Luxembourg",84000
"30-39","F","Neufchâteau",4041,"Wallonia","Luxembourg",84000
"40-49","F","Neufchâteau",4019,"Wallonia","Luxembourg",84000
"50-59","F","Neufchâteau",4147,"Wallonia","Luxembourg",84000
"60-69","F","Neufchâteau",3701,"Wallonia","Luxembourg",84000
"70-79","F","Neufchâteau",2451,"Wallonia","Luxembourg",84000
"80-89","F","Neufchâteau",1653,"Wallonia","Luxembourg",84000
"90+","F","Neufchâteau",461,"Wallonia","Luxembourg",84000
"All","F","Neufchâteau",32018,"Wallonia","Luxembourg",84000
"0-9","M","Neufchâteau",3889,"Wallonia","Luxembourg",84000
"10-19","M","Neufchâteau",4173,"Wallonia","Luxembourg",84000
"20-29","M","Neufchâteau",3966,"Wallonia","Luxembourg",84000
"30-39","M","Neufchâteau",4124,"Wallonia","Luxembourg",84000
"40-49","M","Neufchâteau",4190,"Wallonia","Luxembourg",84000
"50-59","M","Neufchâteau",4287,"Wallonia","Luxembourg",84000
"60-69","M","Neufchâteau",3650,"Wallonia","Luxembourg",84000
"70-79","M","Neufchâteau",2264,"Wallonia","Luxembourg",84000
"80-89","M","Neufchâteau",1030,"Wallonia","Luxembourg",84000
"90+","M","Neufchâteau",172,"Wallonia","Luxembourg",84000
"All","M","Neufchâteau",31745,"Wallonia","Luxembourg",84000
"0-9","All","Neufchâteau",7564,"Wallonia","Luxembourg",84000
"10-19","All","Neufchâteau",8180,"Wallonia","Luxembourg",84000
"20-29","All","Neufchâteau",7829,"Wallonia","Luxembourg",84000
"30-39","All","Neufchâteau",8165,"Wallonia","Luxembourg",84000
"40-49","All","Neufchâteau",8209,"Wallonia","Luxembourg",84000
"50-59","All","Neufchâteau",8434,"Wallonia","Luxembourg",84000
"60-69","All","Neufchâteau",7351,"Wallonia","Luxembourg",84000
"70-79","All","Neufchâteau",4715,"Wallonia","Luxembourg",84000
"80-89","All","Neufchâteau",2683,"Wallonia","Luxembourg",84000
"90+","All","Neufchâteau",633,"Wallonia","Luxembourg",84000
"All","All","Neufchâteau",63763,"Wallonia","Luxembourg",84000
"0-9","F","Nivelles",21265,"Wallonia","Brabant wallon",25000
"10-19","F","Nivelles",24420,"Wallonia","Brabant wallon",25000
"20-29","F","Nivelles",23819,"Wallonia","Brabant wallon",25000
"30-39","F","Nivelles",24572,"Wallonia","Brabant wallon",25000
"40-49","F","Nivelles",27948,"Wallonia","Brabant wallon",25000
"50-59","F","Nivelles",29056,"Wallonia","Brabant wallon",25000
"60-69","F","Nivelles",25374,"Wallonia","Brabant wallon",25000
"70-79","F","Nivelles",18614,"Wallonia","Brabant wallon",25000
"80-89","F","Nivelles",10911,"Wallonia","Brabant wallon",25000
"90+","F","Nivelles",3006,"Wallonia","Brabant wallon",25000
"All","F","Nivelles",208985,"Wallonia","Brabant wallon",25000
"0-9","M","Nivelles",22092,"Wallonia","Brabant wallon",25000
"10-19","M","Nivelles",25797,"Wallonia","Brabant wallon",25000
"20-29","M","Nivelles",24858,"Wallonia","Brabant wallon",25000
"30-39","M","Nivelles",23850,"Wallonia","Brabant wallon",25000
"40-49","M","Nivelles",26343,"Wallonia","Brabant wallon",25000
"50-59","M","Nivelles",27817,"Wallonia","Brabant wallon",25000
"60-69","M","Nivelles",22716,"Wallonia","Brabant wallon",25000
"70-79","M","Nivelles",15328,"Wallonia","Brabant wallon",25000
"80-89","M","Nivelles",7062,"Wallonia","Brabant wallon",25000
"90+","M","Nivelles",1171,"Wallonia","Brabant wallon",25000
"All","M","Nivelles",197034,"Wallonia","Brabant wallon",25000
"0-9","All","Nivelles",43357,"Wallonia","Brabant wallon",25000
"10-19","All","Nivelles",50217,"Wallonia","Brabant wallon",25000
"20-29","All","Nivelles",48677,"Wallonia","Brabant wallon",25000
"30-39","All","Nivelles",48422,"Wallonia","Brabant wallon",25000
"40-49","All","Nivelles",54291,"Wallonia","Brabant wallon",25000
"50-59","All","Nivelles",56873,"Wallonia","Brabant wallon",25000
"60-69","All","Nivelles",48090,"Wallonia","Brabant wallon",25000
"70-79","All","Nivelles",33942,"Wallonia","Brabant wallon",25000
"80-89","All","Nivelles",17973,"Wallonia","Brabant wallon",25000
"90+","All","Nivelles",4177,"Wallonia","Brabant wallon",25000
"All","All","Nivelles",406019,"Wallonia","Brabant wallon",25000
"0-9","F","Oostende",6601,"Flanders","West-Vlaanderen",35000
"10-19","F","Oostende",7188,"Flanders","West-Vlaanderen",35000
"20-29","F","Oostende",7723,"Flanders","West-Vlaanderen",35000
"30-39","F","Oostende",8178,"Flanders","West-Vlaanderen",35000
"40-49","F","Oostende",8828,"Flanders","West-Vlaanderen",35000
"50-59","F","Oostende",11560,"Flanders","West-Vlaanderen",35000
"60-69","F","Oostende",12108,"Flanders","West-Vlaanderen",35000
"70-79","F","Oostende",9756,"Flanders","West-Vlaanderen",35000
"80-89","F","Oostende",6392,"Flanders","West-Vlaanderen",35000
"90+","F","Oostende",1538,"Flanders","West-Vlaanderen",35000
"All","F","Oostende",79872,"Flanders","West-Vlaanderen",35000
"0-9","M","Oostende",6978,"Flanders","West-Vlaanderen",35000
"10-19","M","Oostende",7375,"Flanders","West-Vlaanderen",35000
"20-29","M","Oostende",8506,"Flanders","West-Vlaanderen",35000
"30-39","M","Oostende",8555,"Flanders","West-Vlaanderen",35000
"40-49","M","Oostende",9220,"Flanders","West-Vlaanderen",35000
"50-59","M","Oostende",11751,"Flanders","West-Vlaanderen",35000
"60-69","M","Oostende",11836,"Flanders","West-Vlaanderen",35000
"70-79","M","Oostende",8698,"Flanders","West-Vlaanderen",35000
"80-89","M","Oostende",4305,"Flanders","West-Vlaanderen",35000
"90+","M","Oostende",684,"Flanders","West-Vlaanderen",35000
"All","M","Oostende",77908,"Flanders","West-Vlaanderen",35000
"0-9","All","Oostende",13579,"Flanders","West-Vlaanderen",35000
"10-19","All","Oostende",14563,"Flanders","West-Vlaanderen",35000
"20-29","All","Oostende",16229,"Flanders","West-Vlaanderen",35000
"30-39","All","Oostende",16733,"Flanders","West-Vlaanderen",35000
"40-49","All","Oostende",18048,"Flanders","West-Vlaanderen",35000
"50-59","All","Oostende",23311,"Flanders","West-Vlaanderen",35000
"60-69","All","Oostende",23944,"Flanders","West-Vlaanderen",35000
"70-79","All","Oostende",18454,"Flanders","West-Vlaanderen",35000
"80-89","All","Oostende",10697,"Flanders","West-Vlaanderen",35000
"90+","All","Oostende",2222,"Flanders","West-Vlaanderen",35000
"All","All","Oostende",157780,"Flanders","West-Vlaanderen",35000
"0-9","F","Oudenaarde",6378,"Flanders","Oost-Vlaanderen",45000
"10-19","F","Oudenaarde",7018,"Flanders","Oost-Vlaanderen",45000
"20-29","F","Oudenaarde",6771,"Flanders","Oost-Vlaanderen",45000
"30-39","F","Oudenaarde",7375,"Flanders","Oost-Vlaanderen",45000
"40-49","F","Oudenaarde",8232,"Flanders","Oost-Vlaanderen",45000
"50-59","F","Oudenaarde",8933,"Flanders","Oost-Vlaanderen",45000
"60-69","F","Oudenaarde",7471,"Flanders","Oost-Vlaanderen",45000
"70-79","F","Oudenaarde",5506,"Flanders","Oost-Vlaanderen",45000
"80-89","F","Oudenaarde",4180,"Flanders","Oost-Vlaanderen",45000
"90+","F","Oudenaarde",1153,"Flanders","Oost-Vlaanderen",45000
"All","F","Oudenaarde",63017,"Flanders","Oost-Vlaanderen",45000
"0-9","M","Oudenaarde",6595,"Flanders","Oost-Vlaanderen",45000
"10-19","M","Oudenaarde",7371,"Flanders","Oost-Vlaanderen",45000
"20-29","M","Oudenaarde",6924,"Flanders","Oost-Vlaanderen",45000
"30-39","M","Oudenaarde",7345,"Flanders","Oost-Vlaanderen",45000
"40-49","M","Oudenaarde",8478,"Flanders","Oost-Vlaanderen",45000
"50-59","M","Oudenaarde",9485,"Flanders","Oost-Vlaanderen",45000
"60-69","M","Oudenaarde",7603,"Flanders","Oost-Vlaanderen",45000
"70-79","M","Oudenaarde",4728,"Flanders","Oost-Vlaanderen",45000
"80-89","M","Oudenaarde",2664,"Flanders","Oost-Vlaanderen",45000
"90+","M","Oudenaarde",400,"Flanders","Oost-Vlaanderen",45000
"All","M","Oudenaarde",61593,"Flanders","Oost-Vlaanderen",45000
"0-9","All","Oudenaarde",12973,"Flanders","Oost-Vlaanderen",45000
"10-19","All","Oudenaarde",14389,"Flanders","Oost-Vlaanderen",45000
"20-29","All","Oudenaarde",13695,"Flanders","Oost-Vlaanderen",45000
"30-39","All","Oudenaarde",14720,"Flanders","Oost-Vlaanderen",45000
"40-49","All","Oudenaarde",16710,"Flanders","Oost-Vlaanderen",45000
"50-59","All","Oudenaarde",18418,"Flanders","Oost-Vlaanderen",45000
"60-69","All","Oudenaarde",15074,"Flanders","Oost-Vlaanderen",45000
"70-79","All","Oudenaarde",10234,"Flanders","Oost-Vlaanderen",45000
"80-89","All","Oudenaarde",6844,"Flanders","Oost-Vlaanderen",45000
"90+","All","Oudenaarde",1553,"Flanders","Oost-Vlaanderen",45000
"All","All","Oudenaarde",124610,"Flanders","Oost-Vlaanderen",45000
"0-9","F","Philippeville",3212,"Wallonia","Namur",93000
"10-19","F","Philippeville",3864,"Wallonia","Namur",93000
"20-29","F","Philippeville",3706,"Wallonia","Namur",93000
"30-39","F","Philippeville",3979,"Wallonia","Namur",93000
"40-49","F","Philippeville",4209,"Wallonia","Namur",93000
"50-59","F","Philippeville",4956,"Wallonia","Namur",93000
"60-69","F","Philippeville",4395,"Wallonia","Namur",93000
"70-79","F","Philippeville",3109,"Wallonia","Namur",93000
"80-89","F","Philippeville",1792,"Wallonia","Namur",93000
"90+","F","Philippeville",437,"Wallonia","Namur",93000
"All","F","Philippeville",33659,"Wallonia","Namur",93000
"0-9","M","Philippeville",3388,"Wallonia","Namur",93000
"10-19","M","Philippeville",3956,"Wallonia","Namur",93000
"20-29","M","Philippeville",3884,"Wallonia","Namur",93000
"30-39","M","Philippeville",3924,"Wallonia","Namur",93000
"40-49","M","Philippeville",4304,"Wallonia","Namur",93000
"50-59","M","Philippeville",4949,"Wallonia","Namur",93000
"60-69","M","Philippeville",4303,"Wallonia","Namur",93000
"70-79","M","Philippeville",2677,"Wallonia","Namur",93000
"80-89","M","Philippeville",1115,"Wallonia","Namur",93000
"90+","M","Philippeville",156,"Wallonia","Namur",93000
"All","M","Philippeville",32656,"Wallonia","Namur",93000
"0-9","All","Philippeville",6600,"Wallonia","Namur",93000
"10-19","All","Philippeville",7820,"Wallonia","Namur",93000
"20-29","All","Philippeville",7590,"Wallonia","Namur",93000
"30-39","All","Philippeville",7903,"Wallonia","Namur",93000
"40-49","All","Philippeville",8513,"Wallonia","Namur",93000
"50-59","All","Philippeville",9905,"Wallonia","Namur",93000
"60-69","All","Philippeville",8698,"Wallonia","Namur",93000
"70-79","All","Philippeville",5786,"Wallonia","Namur",93000
"80-89","All","Philippeville",2907,"Wallonia","Namur",93000
"90+","All","Philippeville",593,"Wallonia","Namur",93000
"All","All","Philippeville",66315,"Wallonia","Namur",93000
"0-9","F","Roeselare",8064,"Flanders","West-Vlaanderen",36000
"10-19","F","Roeselare",8188,"Flanders","West-Vlaanderen",36000
"20-29","F","Roeselare",9195,"Flanders","West-Vlaanderen",36000
"30-39","F","Roeselare",9366,"Flanders","West-Vlaanderen",36000
"40-49","F","Roeselare",9739,"Flanders","West-Vlaanderen",36000
"50-59","F","Roeselare",10535,"Flanders","West-Vlaanderen",36000
"60-69","F","Roeselare",8689,"Flanders","West-Vlaanderen",36000
"70-79","F","Roeselare",7170,"Flanders","West-Vlaanderen",36000
"80-89","F","Roeselare",5237,"Flanders","West-Vlaanderen",36000
"90+","F","Roeselare",1365,"Flanders","West-Vlaanderen",36000
"All","F","Roeselare",77548,"Flanders","West-Vlaanderen",36000
"0-9","M","Roeselare",8224,"Flanders","West-Vlaanderen",36000
"10-19","M","Roeselare",8485,"Flanders","West-Vlaanderen",36000
"20-29","M","Roeselare",9574,"Flanders","West-Vlaanderen",36000
"30-39","M","Roeselare",10183,"Flanders","West-Vlaanderen",36000
"40-49","M","Roeselare",10252,"Flanders","West-Vlaanderen",36000
"50-59","M","Roeselare",11035,"Flanders","West-Vlaanderen",36000
"60-69","M","Roeselare",8792,"Flanders","West-Vlaanderen",36000
"70-79","M","Roeselare",6316,"Flanders","West-Vlaanderen",36000
"80-89","M","Roeselare",3580,"Flanders","West-Vlaanderen",36000
"90+","M","Roeselare",505,"Flanders","West-Vlaanderen",36000
"All","M","Roeselare",76946,"Flanders","West-Vlaanderen",36000
"0-9","All","Roeselare",16288,"Flanders","West-Vlaanderen",36000
"10-19","All","Roeselare",16673,"Flanders","West-Vlaanderen",36000
"20-29","All","Roeselare",18769,"Flanders","West-Vlaanderen",36000
"30-39","All","Roeselare",19549,"Flanders","West-Vlaanderen",36000
"40-49","All","Roeselare",19991,"Flanders","West-Vlaanderen",36000
"50-59","All","Roeselare",21570,"Flanders","West-Vlaanderen",36000
"60-69","All","Roeselare",17481,"Flanders","West-Vlaanderen",36000
"70-79","All","Roeselare",13486,"Flanders","West-Vlaanderen",36000
"80-89","All","Roeselare",8817,"Flanders","West-Vlaanderen",36000
"90+","All","Roeselare",1870,"Flanders","West-Vlaanderen",36000
"All","All","Roeselare",154494,"Flanders","West-Vlaanderen",36000
"0-9","F","Sint-Niklaas",14080,"Flanders","Oost-Vlaanderen",46000
"10-19","F","Sint-Niklaas",14524,"Flanders","Oost-Vlaanderen",46000
"20-29","F","Sint-Niklaas",14894,"Flanders","Oost-Vlaanderen",46000
"30-39","F","Sint-Niklaas",15838,"Flanders","Oost-Vlaanderen",46000
"40-49","F","Sint-Niklaas",16546,"Flanders","Oost-Vlaanderen",46000
"50-59","F","Sint-Niklaas",17601,"Flanders","Oost-Vlaanderen",46000
"60-69","F","Sint-Niklaas",14993,"Flanders","Oost-Vlaanderen",46000
"70-79","F","Sint-Niklaas",11637,"Flanders","Oost-Vlaanderen",46000
"80-89","F","Sint-Niklaas",7400,"Flanders","Oost-Vlaanderen",46000
"90+","F","Sint-Niklaas",1691,"Flanders","Oost-Vlaanderen",46000
"All","F","Sint-Niklaas",129204,"Flanders","Oost-Vlaanderen",46000
"0-9","M","Sint-Niklaas",14535,"Flanders","Oost-Vlaanderen",46000
"10-19","M","Sint-Niklaas",14989,"Flanders","Oost-Vlaanderen",46000
"20-29","M","Sint-Niklaas",14781,"Flanders","Oost-Vlaanderen",46000
"30-39","M","Sint-Niklaas",15712,"Flanders","Oost-Vlaanderen",46000
"40-49","M","Sint-Niklaas",16671,"Flanders","Oost-Vlaanderen",46000
"50-59","M","Sint-Niklaas",18006,"Flanders","Oost-Vlaanderen",46000
"60-69","M","Sint-Niklaas",14689,"Flanders","Oost-Vlaanderen",46000
"70-79","M","Sint-Niklaas",10571,"Flanders","Oost-Vlaanderen",46000
"80-89","M","Sint-Niklaas",5012,"Flanders","Oost-Vlaanderen",46000
"90+","M","Sint-Niklaas",680,"Flanders","Oost-Vlaanderen",46000
"All","M","Sint-Niklaas",125646,"Flanders","Oost-Vlaanderen",46000
"0-9","All","Sint-Niklaas",28615,"Flanders","Oost-Vlaanderen",46000
"10-19","All","Sint-Niklaas",29513,"Flanders","Oost-Vlaanderen",46000
"20-29","All","Sint-Niklaas",29675,"Flanders","Oost-Vlaanderen",46000
"30-39","All","Sint-Niklaas",31550,"Flanders","Oost-Vlaanderen",46000
"40-49","All","Sint-Niklaas",33217,"Flanders","Oost-Vlaanderen",46000
"50-59","All","Sint-Niklaas",35607,"Flanders","Oost-Vlaanderen",46000
"60-69","All","Sint-Niklaas",29682,"Flanders","Oost-Vlaanderen",46000
"70-79","All","Sint-Niklaas",22208,"Flanders","Oost-Vlaanderen",46000
"80-89","All","Sint-Niklaas",12412,"Flanders","Oost-Vlaanderen",46000
"90+","All","Sint-Niklaas",2371,"Flanders","Oost-Vlaanderen",46000
"All","All","Sint-Niklaas",254850,"Flanders","Oost-Vlaanderen",46000
"0-9","F","Soignies",5545,"Wallonia","Hainaut",55000
"10-19","F","Soignies",6461,"Wallonia","Hainaut",55000
"20-29","F","Soignies",6080,"Wallonia","Hainaut",55000
"30-39","F","Soignies",6607,"Wallonia","Hainaut",55000
"40-49","F","Soignies",7326,"Wallonia","Hainaut",55000
"50-59","F","Soignies",7380,"Wallonia","Hainaut",55000
"60-69","F","Soignies",6472,"Wallonia","Hainaut",55000
"70-79","F","Soignies",4399,"Wallonia","Hainaut",55000
"80-89","F","Soignies",2601,"Wallonia","Hainaut",55000
"90+","F","Soignies",766,"Wallonia","Hainaut",55000
"All","F","Soignies",53637,"Wallonia","Hainaut",55000
"0-9","M","Soignies",6091,"Wallonia","Hainaut",55000
"10-19","M","Soignies",6753,"Wallonia","Hainaut",55000
"20-29","M","Soignies",6192,"Wallonia","Hainaut",55000
"30-39","M","Soignies",6545,"Wallonia","Hainaut",55000
"40-49","M","Soignies",7112,"Wallonia","Hainaut",55000
"50-59","M","Soignies",7487,"Wallonia","Hainaut",55000
"60-69","M","Soignies",5933,"Wallonia","Hainaut",55000
"70-79","M","Soignies",3658,"Wallonia","Hainaut",55000
"80-89","M","Soignies",1526,"Wallonia","Hainaut",55000
"90+","M","Soignies",245,"Wallonia","Hainaut",55000
"All","M","Soignies",51542,"Wallonia","Hainaut",55000
"0-9","All","Soignies",11636,"Wallonia","Hainaut",55000
"10-19","All","Soignies",13214,"Wallonia","Hainaut",55000
"20-29","All","Soignies",12272,"Wallonia","Hainaut",55000
"30-39","All","Soignies",13152,"Wallonia","Hainaut",55000
"40-49","All","Soignies",14438,"Wallonia","Hainaut",55000
"50-59","All","Soignies",14867,"Wallonia","Hainaut",55000
"60-69","All","Soignies",12405,"Wallonia","Hainaut",55000
"70-79","All","Soignies",8057,"Wallonia","Hainaut",55000
"80-89","All","Soignies",4127,"Wallonia","Hainaut",55000
"90+","All","Soignies",1011,"Wallonia","Hainaut",55000
"All","All","Soignies",105179,"Wallonia","Hainaut",55000
"0-9","F","Thuin",4549,"Wallonia","Hainaut",56000
"10-19","F","Thuin",5331,"Wallonia","Hainaut",56000
"20-29","F","Thuin",5124,"Wallonia","Hainaut",56000
"30-39","F","Thuin",5404,"Wallonia","Hainaut",56000
"40-49","F","Thuin",5838,"Wallonia","Hainaut",56000
"50-59","F","Thuin",6556,"Wallonia","Hainaut",56000
"60-69","F","Thuin",6346,"Wallonia","Hainaut",56000
"70-79","F","Thuin",4217,"Wallonia","Hainaut",56000
"80-89","F","Thuin",2555,"Wallonia","Hainaut",56000
"90+","F","Thuin",681,"Wallonia","Hainaut",56000
"All","F","Thuin",46601,"Wallonia","Hainaut",56000
"0-9","M","Thuin",4789,"Wallonia","Hainaut",56000
"10-19","M","Thuin",5711,"Wallonia","Hainaut",56000
"20-29","M","Thuin",5414,"Wallonia","Hainaut",56000
"30-39","M","Thuin",5505,"Wallonia","Hainaut",56000
"40-49","M","Thuin",5831,"Wallonia","Hainaut",56000
"50-59","M","Thuin",6473,"Wallonia","Hainaut",56000
"60-69","M","Thuin",6000,"Wallonia","Hainaut",56000
"70-79","M","Thuin",3606,"Wallonia","Hainaut",56000
"80-89","M","Thuin",1534,"Wallonia","Hainaut",56000
"90+","M","Thuin",261,"Wallonia","Hainaut",56000
"All","M","Thuin",45124,"Wallonia","Hainaut",56000
"0-9","All","Thuin",9338,"Wallonia","Hainaut",56000
"10-19","All","Thuin",11042,"Wallonia","Hainaut",56000
"20-29","All","Thuin",10538,"Wallonia","Hainaut",56000
"30-39","All","Thuin",10909,"Wallonia","Hainaut",56000
"40-49","All","Thuin",11669,"Wallonia","Hainaut",56000
"50-59","All","Thuin",13029,"Wallonia","Hainaut",56000
"60-69","All","Thuin",12346,"Wallonia","Hainaut",56000
"70-79","All","Thuin",7823,"Wallonia","Hainaut",56000
"80-89","All","Thuin",4089,"Wallonia","Hainaut",56000
"90+","All","Thuin",942,"Wallonia","Hainaut",56000
"All","All","Thuin",91725,"Wallonia","Hainaut",56000
"0-9","F","Tielt",4662,"Flanders","West-Vlaanderen",37000
"10-19","F","Tielt",4904,"Flanders","West-Vlaanderen",37000
"20-29","F","Tielt",5317,"Flanders","West-Vlaanderen",37000
"30-39","F","Tielt",5684,"Flanders","West-Vlaanderen",37000
"40-49","F","Tielt",5915,"Flanders","West-Vlaanderen",37000
"50-59","F","Tielt",6469,"Flanders","West-Vlaanderen",37000
"60-69","F","Tielt",5426,"Flanders","West-Vlaanderen",37000
"70-79","F","Tielt",4057,"Flanders","West-Vlaanderen",37000
"80-89","F","Tielt",3166,"Flanders","West-Vlaanderen",37000
"90+","F","Tielt",864,"Flanders","West-Vlaanderen",37000
"All","F","Tielt",46464,"Flanders","West-Vlaanderen",37000
"0-9","M","Tielt",5046,"Flanders","West-Vlaanderen",37000
"10-19","M","Tielt",5334,"Flanders","West-Vlaanderen",37000
"20-29","M","Tielt",5582,"Flanders","West-Vlaanderen",37000
"30-39","M","Tielt",5886,"Flanders","West-Vlaanderen",37000
"40-49","M","Tielt",6252,"Flanders","West-Vlaanderen",37000
"50-59","M","Tielt",7038,"Flanders","West-Vlaanderen",37000
"60-69","M","Tielt",5544,"Flanders","West-Vlaanderen",37000
"70-79","M","Tielt",3784,"Flanders","West-Vlaanderen",37000
"80-89","M","Tielt",2131,"Flanders","West-Vlaanderen",37000
"90+","M","Tielt",367,"Flanders","West-Vlaanderen",37000
"All","M","Tielt",46964,"Flanders","West-Vlaanderen",37000
"0-9","All","Tielt",9708,"Flanders","West-Vlaanderen",37000
"10-19","All","Tielt",10238,"Flanders","West-Vlaanderen",37000
"20-29","All","Tielt",10899,"Flanders","West-Vlaanderen",37000
"30-39","All","Tielt",11570,"Flanders","West-Vlaanderen",37000
"40-49","All","Tielt",12167,"Flanders","West-Vlaanderen",37000
"50-59","All","Tielt",13507,"Flanders","West-Vlaanderen",37000
"60-69","All","Tielt",10970,"Flanders","West-Vlaanderen",37000
"70-79","All","Tielt",7841,"Flanders","West-Vlaanderen",37000
"80-89","All","Tielt",5297,"Flanders","West-Vlaanderen",37000
"90+","All","Tielt",1231,"Flanders","West-Vlaanderen",37000
"All","All","Tielt",93428,"Flanders","West-Vlaanderen",37000
"0-9","F","Tongeren",9955,"Flanders","Limburg",73000
"10-19","F","Tongeren",10214,"Flanders","Limburg",73000
"20-29","F","Tongeren",10900,"Flanders","Limburg",73000
"30-39","F","Tongeren",12391,"Flanders","Limburg",73000
"40-49","F","Tongeren",13425,"Flanders","Limburg",73000
"50-59","F","Tongeren",15443,"Flanders","Limburg",73000
"60-69","F","Tongeren",13641,"Flanders","Limburg",73000
"70-79","F","Tongeren",9516,"Flanders","Limburg",73000
"80-89","F","Tongeren",5951,"Flanders","Limburg",73000
"90+","F","Tongeren",1331,"Flanders","Limburg",73000
"All","F","Tongeren",102767,"Flanders","Limburg",73000
"0-9","M","Tongeren",10345,"Flanders","Limburg",73000
"10-19","M","Tongeren",10960,"Flanders","Limburg",73000
"20-29","M","Tongeren",11241,"Flanders","Limburg",73000
"30-39","M","Tongeren",12465,"Flanders","Limburg",73000
"40-49","M","Tongeren",13476,"Flanders","Limburg",73000
"50-59","M","Tongeren",16009,"Flanders","Limburg",73000
"60-69","M","Tongeren",13988,"Flanders","Limburg",73000
"70-79","M","Tongeren",8969,"Flanders","Limburg",73000
"80-89","M","Tongeren",4226,"Flanders","Limburg",73000
"90+","M","Tongeren",497,"Flanders","Limburg",73000
"All","M","Tongeren",102176,"Flanders","Limburg",73000
"0-9","All","Tongeren",20300,"Flanders","Limburg",73000
"10-19","All","Tongeren",21174,"Flanders","Limburg",73000
"20-29","All","Tongeren",22141,"Flanders","Limburg",73000
"30-39","All","Tongeren",24856,"Flanders","Limburg",73000
"40-49","All","Tongeren",26901,"Flanders","Limburg",73000
"50-59","All","Tongeren",31452,"Flanders","Limburg",73000
"60-69","All","Tongeren",27629,"Flanders","Limburg",73000
"70-79","All","Tongeren",18485,"Flanders","Limburg",73000
"80-89","All","Tongeren",10177,"Flanders","Limburg",73000
"90+","All","Tongeren",1828,"Flanders","Limburg",73000
"All","All","Tongeren",204943,"Flanders","Limburg",73000
"0-9","F","Tournai-Mouscron",11646,"Wallonia","Hainaut",57000
"10-19","F","Tournai-Mouscron",13180,"Wallonia","Hainaut",57000
"20-29","F","Tournai-Mouscron",12808,"Wallonia","Hainaut",57000
"30-39","F","Tournai-Mouscron",13721,"Wallonia","Hainaut",57000
"40-49","F","Tournai-Mouscron",14796,"Wallonia","Hainaut",57000
"50-59","F","Tournai-Mouscron",15030,"Wallonia","Hainaut",57000
"60-69","F","Tournai-Mouscron",13993,"Wallonia","Hainaut",57000
"70-79","F","Tournai-Mouscron",10198,"Wallonia","Hainaut",57000
"80-89","F","Tournai-Mouscron",6756,"Wallonia","Hainaut",57000
"90+","F","Tournai-Mouscron",2158,"Wallonia","Hainaut",57000
"All","F","Tournai-Mouscron",114286,"Wallonia","Hainaut",57000
"0-9","M","Tournai-Mouscron",12251,"Wallonia","Hainaut",57000
"10-19","M","Tournai-Mouscron",13936,"Wallonia","Hainaut",57000
"20-29","M","Tournai-Mouscron",13534,"Wallonia","Hainaut",57000
"30-39","M","Tournai-Mouscron",14028,"Wallonia","Hainaut",57000
"40-49","M","Tournai-Mouscron",15213,"Wallonia","Hainaut",57000
"50-59","M","Tournai-Mouscron",15360,"Wallonia","Hainaut",57000
"60-69","M","Tournai-Mouscron",12885,"Wallonia","Hainaut",57000
"70-79","M","Tournai-Mouscron",8112,"Wallonia","Hainaut",57000
"80-89","M","Tournai-Mouscron",3588,"Wallonia","Hainaut",57000
"90+","M","Tournai-Mouscron",606,"Wallonia","Hainaut",57000
"All","M","Tournai-Mouscron",109513,"Wallonia","Hainaut",57000
"0-9","All","Tournai-Mouscron",23897,"Wallonia","Hainaut",57000
"10-19","All","Tournai-Mouscron",27116,"Wallonia","Hainaut",57000
"20-29","All","Tournai-Mouscron",26342,"Wallonia","Hainaut",57000
"30-39","All","Tournai-Mouscron",27749,"Wallonia","Hainaut",57000
"40-49","All","Tournai-Mouscron",30009,"Wallonia","Hainaut",57000
"50-59","All","Tournai-Mouscron",30390,"Wallonia","Hainaut",57000
"60-69","All","Tournai-Mouscron",26878,"Wallonia","Hainaut",57000
"70-79","All","Tournai-Mouscron",18310,"Wallonia","Hainaut",57000
"80-89","All","Tournai-Mouscron",10344,"Wallonia","Hainaut",57000
"90+","All","Tournai-Mouscron",2764,"Wallonia","Hainaut",57000
"All","All","Tournai-Mouscron",223799,"Wallonia","Hainaut",57000
"0-9","F","Turnhout",23280,"Flanders","Antwerpen",13000
"10-19","F","Turnhout",23565,"Flanders","Antwerpen",13000
"20-29","F","Turnhout",25526,"Flanders","Antwerpen",13000
"30-39","F","Turnhout",28896,"Flanders","Antwerpen",13000
"40-49","F","Turnhout",29763,"Flanders","Antwerpen",13000
"50-59","F","Turnhout",35069,"Flanders","Antwerpen",13000
"60-69","F","Turnhout",29696,"Flanders","Antwerpen",13000
"70-79","F","Turnhout",20540,"Flanders","Antwerpen",13000
"80-89","F","Turnhout",12976,"Flanders","Antwerpen",13000
"90+","F","Turnhout",2725,"Flanders","Antwerpen",13000
"All","F","Turnhout",232036,"Flanders","Antwerpen",13000
"0-9","M","Turnhout",24412,"Flanders","Antwerpen",13000
"10-19","M","Turnhout",25422,"Flanders","Antwerpen",13000
"20-29","M","Turnhout",26374,"Flanders","Antwerpen",13000
"30-39","M","Turnhout",28751,"Flanders","Antwerpen",13000
"40-49","M","Turnhout",29999,"Flanders","Antwerpen",13000
"50-59","M","Turnhout",36423,"Flanders","Antwerpen",13000
"60-69","M","Turnhout",30710,"Flanders","Antwerpen",13000
"70-79","M","Turnhout",19894,"Flanders","Antwerpen",13000
"80-89","M","Turnhout",9564,"Flanders","Antwerpen",13000
"90+","M","Turnhout",1284,"Flanders","Antwerpen",13000
"All","M","Turnhout",232833,"Flanders","Antwerpen",13000
"0-9","All","Turnhout",47692,"Flanders","Antwerpen",13000
"10-19","All","Turnhout",48987,"Flanders","Antwerpen",13000
"20-29","All","Turnhout",51900,"Flanders","Antwerpen",13000
"30-39","All","Turnhout",57647,"Flanders","Antwerpen",13000
"40-49","All","Turnhout",59762,"Flanders","Antwerpen",13000
"50-59","All","Turnhout",71492,"Flanders","Antwerpen",13000
"60-69","All","Turnhout",60406,"Flanders","Antwerpen",13000
"70-79","All","Turnhout",40434,"Flanders","Antwerpen",13000
"80-89","All","Turnhout",22540,"Flanders","Antwerpen",13000
"90+","All","Turnhout",4009,"Flanders","Antwerpen",13000
"All","All","Turnhout",464869,"Flanders","Antwerpen",13000
"0-9","F","Verviers",15855,"Wallonia","Liège",63000
"10-19","F","Verviers",16895,"Wallonia","Liège",63000
"20-29","F","Verviers",17319,"Wallonia","Liège",63000
"30-39","F","Verviers",17430,"Wallonia","Liège",63000
"40-49","F","Verviers",17830,"Wallonia","Liège",63000
"50-59","F","Verviers",20809,"Wallonia","Liège",63000
"60-69","F","Verviers",17824,"Wallonia","Liège",63000
"70-79","F","Verviers",12345,"Wallonia","Liège",63000
"80-89","F","Verviers",7825,"Wallonia","Liège",63000
"90+","F","Verviers",1900,"Wallonia","Liège",63000
"All","F","Verviers",146032,"Wallonia","Liège",63000
"0-9","M","Verviers",16411,"Wallonia","Liège",63000
"10-19","M","Verviers",17540,"Wallonia","Liège",63000
"20-29","M","Verviers",18043,"Wallonia","Liège",63000
"30-39","M","Verviers",17406,"Wallonia","Liège",63000
"40-49","M","Verviers",17639,"Wallonia","Liège",63000
"50-59","M","Verviers",21132,"Wallonia","Liège",63000
"60-69","M","Verviers",17620,"Wallonia","Liège",63000
"70-79","M","Verviers",10646,"Wallonia","Liège",63000
"80-89","M","Verviers",5123,"Wallonia","Liège",63000
"90+","M","Verviers",685,"Wallonia","Liège",63000
"All","M","Verviers",142245,"Wallonia","Liège",63000
"0-9","All","Verviers",32266,"Wallonia","Liège",63000
"10-19","All","Verviers",34435,"Wallonia","Liège",63000
"20-29","All","Verviers",35362,"Wallonia","Liège",63000
"30-39","All","Verviers",34836,"Wallonia","Liège",63000
"40-49","All","Verviers",35469,"Wallonia","Liège",63000
"50-59","All","Verviers",41941,"Wallonia","Liège",63000
"60-69","All","Verviers",35444,"Wallonia","Liège",63000
"70-79","All","Verviers",22991,"Wallonia","Liège",63000
"80-89","All","Verviers",12948,"Wallonia","Liège",63000
"90+","All","Verviers",2585,"Wallonia","Liège",63000
"All","All","Verviers",288277,"Wallonia","Liège",63000
"0-9","F","Veurne",2069,"Flanders","West-Vlaanderen",38000
"10-19","F","Veurne",2395,"Flanders","West-Vlaanderen",38000
"20-29","F","Veurne",2660,"Flanders","West-Vlaanderen",38000
"30-39","F","Veurne",2522,"Flanders","West-Vlaanderen",38000
"40-49","F","Veurne",3085,"Flanders","West-Vlaanderen",38000
"50-59","F","Veurne",4599,"Flanders","West-Vlaanderen",38000
"60-69","F","Veurne",5718,"Flanders","West-Vlaanderen",38000
"70-79","F","Veurne",4797,"Flanders","West-Vlaanderen",38000
"80-89","F","Veurne",2702,"Flanders","West-Vlaanderen",38000
"90+","F","Veurne",659,"Flanders","West-Vlaanderen",38000
"All","F","Veurne",31206,"Flanders","West-Vlaanderen",38000
"0-9","M","Veurne",2216,"Flanders","West-Vlaanderen",38000
"10-19","M","Veurne",2663,"Flanders","West-Vlaanderen",38000
"20-29","M","Veurne",3106,"Flanders","West-Vlaanderen",38000
"30-39","M","Veurne",2704,"Flanders","West-Vlaanderen",38000
"40-49","M","Veurne",3079,"Flanders","West-Vlaanderen",38000
"50-59","M","Veurne",4606,"Flanders","West-Vlaanderen",38000
"60-69","M","Veurne",5400,"Flanders","West-Vlaanderen",38000
"70-79","M","Veurne",4487,"Flanders","West-Vlaanderen",38000
"80-89","M","Veurne",1973,"Flanders","West-Vlaanderen",38000
"90+","M","Veurne",299,"Flanders","West-Vlaanderen",38000
"All","M","Veurne",30533,"Flanders","West-Vlaanderen",38000
"0-9","All","Veurne",4285,"Flanders","West-Vlaanderen",38000
"10-19","All","Veurne",5058,"Flanders","West-Vlaanderen",38000
"20-29","All","Veurne",5766,"Flanders","West-Vlaanderen",38000
"30-39","All","Veurne",5226,"Flanders","West-Vlaanderen",38000
"40-49","All","Veurne",6164,"Flanders","West-Vlaanderen",38000
"50-59","All","Veurne",9205,"Flanders","West-Vlaanderen",38000
"60-69","All","Veurne",11118,"Flanders","West-Vlaanderen",38000
"70-79","All","Veurne",9284,"Flanders","West-Vlaanderen",38000
"80-89","All","Veurne",4675,"Flanders","West-Vlaanderen",38000
"90+","All","Veurne",958,"Flanders","West-Vlaanderen",38000
"All","All","Veurne",61739,"Flanders","West-Vlaanderen",38000
"0-9","F","Virton",3025,"Wallonia","Luxembourg",85000
"10-19","F","Virton",3561,"Wallonia","Luxembourg",85000
"20-29","F","Virton",3177,"Wallonia","Luxembourg",85000
"30-39","F","Virton",3370,"Wallonia","Luxembourg",85000
"40-49","F","Virton",3639,"Wallonia","Luxembourg",85000
"50-59","F","Virton",3643,"Wallonia","Luxembourg",85000
"60-69","F","Virton",3169,"Wallonia","Luxembourg",85000
"70-79","F","Virton",1929,"Wallonia","Luxembourg",85000
"80-89","F","Virton",1517,"Wallonia","Luxembourg",85000
"90+","F","Virton",375,"Wallonia","Luxembourg",85000
"All","F","Virton",27405,"Wallonia","Luxembourg",85000
"0-9","M","Virton",3117,"Wallonia","Luxembourg",85000
"10-19","M","Virton",3709,"Wallonia","Luxembourg",85000
"20-29","M","Virton",3452,"Wallonia","Luxembourg",85000
"30-39","M","Virton",3414,"Wallonia","Luxembourg",85000
"40-49","M","Virton",3593,"Wallonia","Luxembourg",85000
"50-59","M","Virton",3685,"Wallonia","Luxembourg",85000
"60-69","M","Virton",2928,"Wallonia","Luxembourg",85000
"70-79","M","Virton",1757,"Wallonia","Luxembourg",85000
"80-89","M","Virton",916,"Wallonia","Luxembourg",85000
"90+","M","Virton",163,"Wallonia","Luxembourg",85000
"All","M","Virton",26734,"Wallonia","Luxembourg",85000
"0-9","All","Virton",6142,"Wallonia","Luxembourg",85000
"10-19","All","Virton",7270,"Wallonia","Luxembourg",85000
"20-29","All","Virton",6629,"Wallonia","Luxembourg",85000
"30-39","All","Virton",6784,"Wallonia","Luxembourg",85000
"40-49","All","Virton",7232,"Wallonia","Luxembourg",85000
"50-59","All","Virton",7328,"Wallonia","Luxembourg",85000
"60-69","All","Virton",6097,"Wallonia","Luxembourg",85000
"70-79","All","Virton",3686,"Wallonia","Luxembourg",85000
"80-89","All","Virton",2433,"Wallonia","Luxembourg",85000
"90+","All","Virton",538,"Wallonia","Luxembourg",85000
"All","All","Virton",54139,"Wallonia","Luxembourg",85000
"0-9","F","Waremme",4281,"Wallonia","Liège",64000
"10-19","F","Waremme",4945,"Wallonia","Liège",64000
"20-29","F","Waremme",4466,"Wallonia","Liège",64000
"30-39","F","Waremme",5196,"Wallonia","Liège",64000
"40-49","F","Waremme",5828,"Wallonia","Liège",64000
"50-59","F","Waremme",5906,"Wallonia","Liège",64000
"60-69","F","Waremme",5220,"Wallonia","Liège",64000
"70-79","F","Waremme",3402,"Wallonia","Liège",64000
"80-89","F","Waremme",2108,"Wallonia","Liège",64000
"90+","F","Waremme",548,"Wallonia","Liège",64000
"All","F","Waremme",41900,"Wallonia","Liège",64000
"0-9","M","Waremme",4384,"Wallonia","Liège",64000
"10-19","M","Waremme",5199,"Wallonia","Liège",64000
"20-29","M","Waremme",4526,"Wallonia","Liège",64000
"30-39","M","Waremme",5026,"Wallonia","Liège",64000
"40-49","M","Waremme",5723,"Wallonia","Liège",64000
"50-59","M","Waremme",5922,"Wallonia","Liège",64000
"60-69","M","Waremme",4826,"Wallonia","Liège",64000
"70-79","M","Waremme",2922,"Wallonia","Liège",64000
"80-89","M","Waremme",1267,"Wallonia","Liège",64000
"90+","M","Waremme",194,"Wallonia","Liège",64000
"All","M","Waremme",39989,"Wallonia","Liège",64000
"0-9","All","Waremme",8665,"Wallonia","Liège",64000
"10-19","All","Waremme",10144,"Wallonia","Liège",64000
"20-29","All","Waremme",8992,"Wallonia","Liège",64000
"30-39","All","Waremme",10222,"Wallonia","Liège",64000
"40-49","All","Waremme",11551,"Wallonia","Liège",64000
"50-59","All","Waremme",11828,"Wallonia","Liège",64000
"60-69","All","Waremme",10046,"Wallonia","Liège",64000
"70-79","All","Waremme",6324,"Wallonia","Liège",64000
"80-89","All","Waremme",3375,"Wallonia","Liège",64000
"90+","All","Waremme",742,"Wallonia","Liège",64000
"All","All","Waremme",81889,"Wallonia","Liège",64000
